ParticipantID,Condition,TrialID,EventIndex,Timestamp,TWall,Source,RawKey,RawValueBefore,RawValueAfter,Delta,MappedTarget,CandidateStepID,ActiveStepID,FusedStepID,ExpectedForStep,BeforeHelpCycleID,AfterHelpCycleID,NearestHelpCycleID,SecondsSinceLastHelp,StepCompletedByThisEvent,GateViolationCandidate,AutoCodingHint
P04,with_tutor,T01,1,2026-05-29T22:57:45.684054+00:00,1780095465.6690307,dcs_bios_raw,APU_CONTROL_SW,,0,0,apu_switch,S03,,S01,,30b4b140-53d5-478d-a690-231cc07db2e2,,30b4b140-53d5-478d-a690-231cc07db2e2,,no,no,
P04,with_tutor,T01,1,2026-05-29T22:57:45.684054+00:00,1780095465.6690307,dcs_bios_raw,ENGINE_CRANK_SW,,1,1,eng_crank_switch,S04;S10,,S01,,30b4b140-53d5-478d-a690-231cc07db2e2,,30b4b140-53d5-478d-a690-231cc07db2e2,,no,no,
P04,with_tutor,T01,1,2026-05-29T22:57:45.684054+00:00,1780095465.6690307,dcs_bios_raw,BATTERY_SW,,1,1,battery_switch,S01,,S01,,30b4b140-53d5-478d-a690-231cc07db2e2,,30b4b140-53d5-478d-a690-231cc07db2e2,,no,no,
P04,with_tutor,T01,1,2026-05-29T22:57:45.684054+00:00,1780095465.6690307,dcs_bios_raw,L_GEN_SW,,1,1,generator_left_switch,S01,,S01,,30b4b140-53d5-478d-a690-231cc07db2e2,,30b4b140-53d5-478d-a690-231cc07db2e2,,no,no,
P04,with_tutor,T01,1,2026-05-29T22:57:45.684054+00:00,1780095465.6690307,dcs_bios_raw,R_GEN_SW,,1,1,generator_right_switch,S01,,S01,,30b4b140-53d5-478d-a690-231cc07db2e2,,30b4b140-53d5-478d-a690-231cc07db2e2,,no,no,
P04,with_tutor,T01,1,2026-05-29T22:57:45.684054+00:00,1780095465.6690307,dcs_bios_raw,BLEED_AIR_KNOB,,2,2,bleed_air_knob,S06,,S01,,30b4b140-53d5-478d-a690-231cc07db2e2,,30b4b140-53d5-478d-a690-231cc07db2e2,,no,no,
P04,with_tutor,T01,2,2026-05-29T22:57:45.704591+00:00,1780095465.7025898,dcs_bios_raw,INT_THROTTLE_LEFT,,6081,6081,throttle_quadrant_reference,,,S01,,30b4b140-53d5-478d-a690-231cc07db2e2,,30b4b140-53d5-478d-a690-231cc07db2e2,,no,no,mapped_target_without_candidate_step
P04,with_tutor,T01,2,2026-05-29T22:57:45.704591+00:00,1780095465.7025898,dcs_bios_raw,INT_THROTTLE_RIGHT,,6081,6081,throttle_quadrant_reference,,,S01,,30b4b140-53d5-478d-a690-231cc07db2e2,,30b4b140-53d5-478d-a690-231cc07db2e2,,no,no,mapped_target_without_candidate_step
P04,with_tutor,T01,3,2026-05-29T22:57:45.738140+00:00,1780095465.7351406,dcs_bios_raw,INT_THROTTLE_LEFT,6081,5609,-472,throttle_quadrant_reference,,,S01,,30b4b140-53d5-478d-a690-231cc07db2e2,,30b4b140-53d5-478d-a690-231cc07db2e2,,no,no,mapped_target_without_candidate_step
P04,with_tutor,T01,3,2026-05-29T22:57:45.738140+00:00,1780095465.7351406,dcs_bios_raw,INT_THROTTLE_RIGHT,6081,5609,-472,throttle_quadrant_reference,,,S01,,30b4b140-53d5-478d-a690-231cc07db2e2,,30b4b140-53d5-478d-a690-231cc07db2e2,,no,no,mapped_target_without_candidate_step
P04,with_tutor,T01,3,2026-05-29T22:57:45.738140+00:00,1780095465.7351406,dcs_bios_raw,PRESSURE_ALT,,37,37,,,,S01,,30b4b140-53d5-478d-a690-231cc07db2e2,,30b4b140-53d5-478d-a690-231cc07db2e2,,no,no,unmapped_raw_key
P04,with_tutor,T01,4,2026-05-29T22:57:45.772194+00:00,1780095465.7686877,dcs_bios_raw,INT_THROTTLE_LEFT,5609,5216,-393,throttle_quadrant_reference,,,S01,,30b4b140-53d5-478d-a690-231cc07db2e2,,30b4b140-53d5-478d-a690-231cc07db2e2,,no,no,mapped_target_without_candidate_step
P04,with_tutor,T01,4,2026-05-29T22:57:45.772194+00:00,1780095465.7686877,dcs_bios_raw,INT_THROTTLE_RIGHT,5609,5216,-393,throttle_quadrant_reference,,,S01,,30b4b140-53d5-478d-a690-231cc07db2e2,,30b4b140-53d5-478d-a690-231cc07db2e2,,no,no,mapped_target_without_candidate_step
P04,with_tutor,T01,4,2026-05-29T22:57:45.772194+00:00,1780095465.7686877,dcs_bios_raw,VSI,,32766,32766,,,,S01,,30b4b140-53d5-478d-a690-231cc07db2e2,,30b4b140-53d5-478d-a690-231cc07db2e2,,no,no,unmapped_raw_key
P04,with_tutor,T01,4,2026-05-29T22:57:45.772194+00:00,1780095465.7686877,dcs_bios_raw,PRESSURE_ALT,37,67,30,,,,S01,,30b4b140-53d5-478d-a690-231cc07db2e2,,30b4b140-53d5-478d-a690-231cc07db2e2,,no,no,unmapped_raw_key
P04,with_tutor,T01,5,2026-05-29T22:57:45.804236+00:00,1780095465.8022277,dcs_bios_raw,INT_THROTTLE_LEFT,5216,4744,-472,throttle_quadrant_reference,,,S01,,30b4b140-53d5-478d-a690-231cc07db2e2,,30b4b140-53d5-478d-a690-231cc07db2e2,,no,no,mapped_target_without_candidate_step
P04,with_tutor,T01,5,2026-05-29T22:57:45.804236+00:00,1780095465.8022277,dcs_bios_raw,INT_THROTTLE_RIGHT,5216,4744,-472,throttle_quadrant_reference,,,S01,,30b4b140-53d5-478d-a690-231cc07db2e2,,30b4b140-53d5-478d-a690-231cc07db2e2,,no,no,mapped_target_without_candidate_step
P04,with_tutor,T01,5,2026-05-29T22:57:45.804236+00:00,1780095465.8022277,dcs_bios_raw,VSI,32766,32764,-2,,,,S01,,30b4b140-53d5-478d-a690-231cc07db2e2,,30b4b140-53d5-478d-a690-231cc07db2e2,,no,no,unmapped_raw_key
P04,with_tutor,T01,5,2026-05-29T22:57:45.804236+00:00,1780095465.8022277,dcs_bios_raw,PRESSURE_ALT,67,93,26,,,,S01,,30b4b140-53d5-478d-a690-231cc07db2e2,,30b4b140-53d5-478d-a690-231cc07db2e2,,no,no,unmapped_raw_key
P04,with_tutor,T01,6,2026-05-29T22:57:45.837796+00:00,1780095465.8357968,dcs_bios_raw,INT_THROTTLE_LEFT,4744,4351,-393,throttle_quadrant_reference,,,S01,,30b4b140-53d5-478d-a690-231cc07db2e2,,30b4b140-53d5-478d-a690-231cc07db2e2,,no,no,mapped_target_without_candidate_step
P04,with_tutor,T01,6,2026-05-29T22:57:45.837796+00:00,1780095465.8357968,dcs_bios_raw,INT_THROTTLE_RIGHT,4744,4351,-393,throttle_quadrant_reference,,,S01,,30b4b140-53d5-478d-a690-231cc07db2e2,,30b4b140-53d5-478d-a690-231cc07db2e2,,no,no,mapped_target_without_candidate_step
P04,with_tutor,T01,6,2026-05-29T22:57:45.837796+00:00,1780095465.8357968,dcs_bios_raw,VSI,32764,32761,-3,,,,S01,,30b4b140-53d5-478d-a690-231cc07db2e2,,30b4b140-53d5-478d-a690-231cc07db2e2,,no,no,unmapped_raw_key
P04,with_tutor,T01,6,2026-05-29T22:57:45.837796+00:00,1780095465.8357968,dcs_bios_raw,PRESSURE_ALT,93,114,21,,,,S01,,30b4b140-53d5-478d-a690-231cc07db2e2,,30b4b140-53d5-478d-a690-231cc07db2e2,,no,no,unmapped_raw_key
P04,with_tutor,T01,7,2026-05-29T22:57:45.871865+00:00,1780095465.8693535,dcs_bios_raw,INT_THROTTLE_LEFT,4351,3879,-472,throttle_quadrant_reference,,,S01,,30b4b140-53d5-478d-a690-231cc07db2e2,,30b4b140-53d5-478d-a690-231cc07db2e2,,no,no,mapped_target_without_candidate_step
P04,with_tutor,T01,7,2026-05-29T22:57:45.871865+00:00,1780095465.8693535,dcs_bios_raw,INT_THROTTLE_RIGHT,4351,3879,-472,throttle_quadrant_reference,,,S01,,30b4b140-53d5-478d-a690-231cc07db2e2,,30b4b140-53d5-478d-a690-231cc07db2e2,,no,no,mapped_target_without_candidate_step
P04,with_tutor,T01,7,2026-05-29T22:57:45.871865+00:00,1780095465.8693535,dcs_bios_raw,VSI,32761,32757,-4,,,,S01,,30b4b140-53d5-478d-a690-231cc07db2e2,,30b4b140-53d5-478d-a690-231cc07db2e2,,no,no,unmapped_raw_key
P04,with_tutor,T01,7,2026-05-29T22:57:45.871865+00:00,1780095465.8693535,dcs_bios_raw,PRESSURE_ALT,114,132,18,,,,S01,,30b4b140-53d5-478d-a690-231cc07db2e2,,30b4b140-53d5-478d-a690-231cc07db2e2,,no,no,unmapped_raw_key
P04,with_tutor,T01,8,2026-05-29T22:57:45.906915+00:00,1780095465.903908,dcs_bios_raw,INT_THROTTLE_LEFT,3879,3407,-472,throttle_quadrant_reference,,,S01,,30b4b140-53d5-478d-a690-231cc07db2e2,,30b4b140-53d5-478d-a690-231cc07db2e2,,no,no,mapped_target_without_candidate_step
P04,with_tutor,T01,8,2026-05-29T22:57:45.906915+00:00,1780095465.903908,dcs_bios_raw,INT_THROTTLE_RIGHT,3879,3407,-472,throttle_quadrant_reference,,,S01,,30b4b140-53d5-478d-a690-231cc07db2e2,,30b4b140-53d5-478d-a690-231cc07db2e2,,no,no,mapped_target_without_candidate_step
P04,with_tutor,T01,8,2026-05-29T22:57:45.906915+00:00,1780095465.903908,dcs_bios_raw,VSI,32757,32753,-4,,,,S01,,30b4b140-53d5-478d-a690-231cc07db2e2,,30b4b140-53d5-478d-a690-231cc07db2e2,,no,no,unmapped_raw_key
P04,with_tutor,T01,8,2026-05-29T22:57:45.906915+00:00,1780095465.903908,dcs_bios_raw,PRESSURE_ALT,132,148,16,,,,S01,,30b4b140-53d5-478d-a690-231cc07db2e2,,30b4b140-53d5-478d-a690-231cc07db2e2,,no,no,unmapped_raw_key
P04,with_tutor,T01,9,2026-05-29T22:57:45.946973+00:00,1780095465.9439673,dcs_bios_raw,INT_THROTTLE_LEFT,3407,3014,-393,throttle_quadrant_reference,,,S01,,30b4b140-53d5-478d-a690-231cc07db2e2,,30b4b140-53d5-478d-a690-231cc07db2e2,,no,no,mapped_target_without_candidate_step
P04,with_tutor,T01,9,2026-05-29T22:57:45.946973+00:00,1780095465.9439673,dcs_bios_raw,INT_THROTTLE_RIGHT,3407,3014,-393,throttle_quadrant_reference,,,S01,,30b4b140-53d5-478d-a690-231cc07db2e2,,30b4b140-53d5-478d-a690-231cc07db2e2,,no,no,mapped_target_without_candidate_step
P04,with_tutor,T01,9,2026-05-29T22:57:45.946973+00:00,1780095465.9439673,dcs_bios_raw,VSI,32753,32749,-4,,,,S01,,30b4b140-53d5-478d-a690-231cc07db2e2,,30b4b140-53d5-478d-a690-231cc07db2e2,,no,no,unmapped_raw_key
P04,with_tutor,T01,9,2026-05-29T22:57:45.946973+00:00,1780095465.9439673,dcs_bios_raw,PRESSURE_ALT,148,162,14,,,,S01,,30b4b140-53d5-478d-a690-231cc07db2e2,,30b4b140-53d5-478d-a690-231cc07db2e2,,no,no,unmapped_raw_key
P04,with_tutor,T01,10,2026-05-29T22:57:45.982017+00:00,1780095465.9785156,dcs_bios_raw,INT_THROTTLE_LEFT,3014,2464,-550,throttle_quadrant_reference,,,S01,,30b4b140-53d5-478d-a690-231cc07db2e2,,30b4b140-53d5-478d-a690-231cc07db2e2,,no,no,mapped_target_without_candidate_step
P04,with_tutor,T01,10,2026-05-29T22:57:45.982017+00:00,1780095465.9785156,dcs_bios_raw,INT_THROTTLE_RIGHT,3014,2464,-550,throttle_quadrant_reference,,,S01,,30b4b140-53d5-478d-a690-231cc07db2e2,,30b4b140-53d5-478d-a690-231cc07db2e2,,no,no,mapped_target_without_candidate_step
P04,with_tutor,T01,10,2026-05-29T22:57:45.982017+00:00,1780095465.9785156,dcs_bios_raw,VSI,32749,32746,-3,,,,S01,,30b4b140-53d5-478d-a690-231cc07db2e2,,30b4b140-53d5-478d-a690-231cc07db2e2,,no,no,unmapped_raw_key
P04,with_tutor,T01,10,2026-05-29T22:57:45.982017+00:00,1780095465.9785156,dcs_bios_raw,PRESSURE_ALT,162,175,13,,,,S01,,30b4b140-53d5-478d-a690-231cc07db2e2,,30b4b140-53d5-478d-a690-231cc07db2e2,,no,no,unmapped_raw_key
P04,with_tutor,T01,11,2026-05-29T22:57:46.023067+00:00,1780095466.0205579,dcs_bios_raw,INT_THROTTLE_LEFT,2464,1992,-472,throttle_quadrant_reference,,,S01,,30b4b140-53d5-478d-a690-231cc07db2e2,,30b4b140-53d5-478d-a690-231cc07db2e2,,no,no,mapped_target_without_candidate_step
P04,with_tutor,T01,11,2026-05-29T22:57:46.023067+00:00,1780095466.0205579,dcs_bios_raw,INT_THROTTLE_RIGHT,2464,1992,-472,throttle_quadrant_reference,,,S01,,30b4b140-53d5-478d-a690-231cc07db2e2,,30b4b140-53d5-478d-a690-231cc07db2e2,,no,no,mapped_target_without_candidate_step
P04,with_tutor,T01,11,2026-05-29T22:57:46.023067+00:00,1780095466.0205579,dcs_bios_raw,PRESSURE_ALT,175,186,11,,,,S01,,30b4b140-53d5-478d-a690-231cc07db2e2,,30b4b140-53d5-478d-a690-231cc07db2e2,,no,no,unmapped_raw_key
P04,with_tutor,T01,12,2026-05-29T22:57:46.058621+00:00,1780095466.0566232,dcs_bios_raw,INT_THROTTLE_LEFT,1992,1441,-551,throttle_quadrant_reference,,,S01,,30b4b140-53d5-478d-a690-231cc07db2e2,,30b4b140-53d5-478d-a690-231cc07db2e2,,no,no,mapped_target_without_candidate_step
P04,with_tutor,T01,12,2026-05-29T22:57:46.058621+00:00,1780095466.0566232,dcs_bios_raw,INT_THROTTLE_RIGHT,1992,1441,-551,throttle_quadrant_reference,,,S01,,30b4b140-53d5-478d-a690-231cc07db2e2,,30b4b140-53d5-478d-a690-231cc07db2e2,,no,no,mapped_target_without_candidate_step
P04,with_tutor,T01,12,2026-05-29T22:57:46.058621+00:00,1780095466.0566232,dcs_bios_raw,VSI,32746,32749,3,,,,S01,,30b4b140-53d5-478d-a690-231cc07db2e2,,30b4b140-53d5-478d-a690-231cc07db2e2,,no,no,unmapped_raw_key
P04,with_tutor,T01,12,2026-05-29T22:57:46.058621+00:00,1780095466.0566232,dcs_bios_raw,PRESSURE_ALT,186,195,9,,,,S01,,30b4b140-53d5-478d-a690-231cc07db2e2,,30b4b140-53d5-478d-a690-231cc07db2e2,,no,no,unmapped_raw_key
P04,with_tutor,T01,13,2026-05-29T22:57:46.096654+00:00,1780095466.0936592,dcs_bios_raw,INT_THROTTLE_LEFT,1441,969,-472,throttle_quadrant_reference,,,S01,,30b4b140-53d5-478d-a690-231cc07db2e2,,30b4b140-53d5-478d-a690-231cc07db2e2,,no,no,mapped_target_without_candidate_step
P04,with_tutor,T01,13,2026-05-29T22:57:46.096654+00:00,1780095466.0936592,dcs_bios_raw,INT_THROTTLE_RIGHT,1441,969,-472,throttle_quadrant_reference,,,S01,,30b4b140-53d5-478d-a690-231cc07db2e2,,30b4b140-53d5-478d-a690-231cc07db2e2,,no,no,mapped_target_without_candidate_step
P04,with_tutor,T01,13,2026-05-29T22:57:46.096654+00:00,1780095466.0936592,dcs_bios_raw,VSI,32749,32753,4,,,,S01,,30b4b140-53d5-478d-a690-231cc07db2e2,,30b4b140-53d5-478d-a690-231cc07db2e2,,no,no,unmapped_raw_key
P04,with_tutor,T01,13,2026-05-29T22:57:46.096654+00:00,1780095466.0936592,dcs_bios_raw,PRESSURE_ALT,195,202,7,,,,S01,,30b4b140-53d5-478d-a690-231cc07db2e2,,30b4b140-53d5-478d-a690-231cc07db2e2,,no,no,unmapped_raw_key
P04,with_tutor,T01,14,2026-05-29T22:57:46.130678+00:00,1780095466.1281822,dcs_bios_raw,INT_THROTTLE_LEFT,969,498,-471,throttle_quadrant_reference,,,S01,,30b4b140-53d5-478d-a690-231cc07db2e2,,30b4b140-53d5-478d-a690-231cc07db2e2,,no,no,mapped_target_without_candidate_step
P04,with_tutor,T01,14,2026-05-29T22:57:46.130678+00:00,1780095466.1281822,dcs_bios_raw,INT_THROTTLE_RIGHT,969,498,-471,throttle_quadrant_reference,,,S01,,30b4b140-53d5-478d-a690-231cc07db2e2,,30b4b140-53d5-478d-a690-231cc07db2e2,,no,no,mapped_target_without_candidate_step
P04,with_tutor,T01,14,2026-05-29T22:57:46.130678+00:00,1780095466.1281822,dcs_bios_raw,VSI,32753,32758,5,,,,S01,,30b4b140-53d5-478d-a690-231cc07db2e2,,30b4b140-53d5-478d-a690-231cc07db2e2,,no,no,unmapped_raw_key
P04,with_tutor,T01,14,2026-05-29T22:57:46.130678+00:00,1780095466.1281822,dcs_bios_raw,PRESSURE_ALT,202,208,6,,,,S01,,30b4b140-53d5-478d-a690-231cc07db2e2,,30b4b140-53d5-478d-a690-231cc07db2e2,,no,no,unmapped_raw_key
P04,with_tutor,T01,15,2026-05-29T22:57:46.167223+00:00,1780095466.1652238,dcs_bios_raw,INT_THROTTLE_LEFT,498,26,-472,throttle_quadrant_reference,,,S01,,30b4b140-53d5-478d-a690-231cc07db2e2,,30b4b140-53d5-478d-a690-231cc07db2e2,,no,no,mapped_target_without_candidate_step
P04,with_tutor,T01,15,2026-05-29T22:57:46.167223+00:00,1780095466.1652238,dcs_bios_raw,INT_THROTTLE_RIGHT,498,26,-472,throttle_quadrant_reference,,,S01,,30b4b140-53d5-478d-a690-231cc07db2e2,,30b4b140-53d5-478d-a690-231cc07db2e2,,no,no,mapped_target_without_candidate_step
P04,with_tutor,T01,15,2026-05-29T22:57:46.167223+00:00,1780095466.1652238,dcs_bios_raw,VSI,32758,32764,6,,,,S01,,30b4b140-53d5-478d-a690-231cc07db2e2,,30b4b140-53d5-478d-a690-231cc07db2e2,,no,no,unmapped_raw_key
P04,with_tutor,T01,15,2026-05-29T22:57:46.167223+00:00,1780095466.1652238,dcs_bios_raw,PRESSURE_ALT,208,213,5,,,,S01,,30b4b140-53d5-478d-a690-231cc07db2e2,,30b4b140-53d5-478d-a690-231cc07db2e2,,no,no,unmapped_raw_key
P04,with_tutor,T01,16,2026-05-29T22:57:46.210789+00:00,1780095466.2062852,dcs_bios_raw,INT_THROTTLE_LEFT,26,0,-26,throttle_quadrant_reference,,,S01,,30b4b140-53d5-478d-a690-231cc07db2e2,,30b4b140-53d5-478d-a690-231cc07db2e2,,no,no,mapped_target_without_candidate_step
P04,with_tutor,T01,16,2026-05-29T22:57:46.210789+00:00,1780095466.2062852,dcs_bios_raw,INT_THROTTLE_RIGHT,26,0,-26,throttle_quadrant_reference,,,S01,,30b4b140-53d5-478d-a690-231cc07db2e2,,30b4b140-53d5-478d-a690-231cc07db2e2,,no,no,mapped_target_without_candidate_step
P04,with_tutor,T01,16,2026-05-29T22:57:46.210789+00:00,1780095466.2062852,dcs_bios_raw,VSI,32764,32770,6,,,,S01,,30b4b140-53d5-478d-a690-231cc07db2e2,,30b4b140-53d5-478d-a690-231cc07db2e2,,no,no,unmapped_raw_key
P04,with_tutor,T01,16,2026-05-29T22:57:46.210789+00:00,1780095466.2062852,dcs_bios_raw,PRESSURE_ALT,213,218,5,,,,S01,,30b4b140-53d5-478d-a690-231cc07db2e2,,30b4b140-53d5-478d-a690-231cc07db2e2,,no,no,unmapped_raw_key
P04,with_tutor,T01,17,2026-05-29T22:57:46.254853+00:00,1780095466.250848,dcs_bios_raw,VSI,32770,32775,5,,,,S01,,30b4b140-53d5-478d-a690-231cc07db2e2,,30b4b140-53d5-478d-a690-231cc07db2e2,,no,no,unmapped_raw_key
P04,with_tutor,T01,17,2026-05-29T22:57:46.254853+00:00,1780095466.250848,dcs_bios_raw,PRESSURE_ALT,218,222,4,,,,S01,,30b4b140-53d5-478d-a690-231cc07db2e2,,30b4b140-53d5-478d-a690-231cc07db2e2,,no,no,unmapped_raw_key
P04,with_tutor,T01,18,2026-05-29T22:57:46.292932+00:00,1780095466.2884045,dcs_bios_raw,VSI,32775,32779,4,,,,S01,,30b4b140-53d5-478d-a690-231cc07db2e2,,30b4b140-53d5-478d-a690-231cc07db2e2,,no,no,unmapped_raw_key
P04,with_tutor,T01,18,2026-05-29T22:57:46.292932+00:00,1780095466.2884045,dcs_bios_raw,PRESSURE_ALT,222,225,3,,,,S01,,30b4b140-53d5-478d-a690-231cc07db2e2,,30b4b140-53d5-478d-a690-231cc07db2e2,,no,no,unmapped_raw_key
P04,with_tutor,T01,19,2026-05-29T22:57:46.327489+00:00,1780095466.3189702,dcs_bios_raw,VSI,32779,32781,2,,,,S01,,30b4b140-53d5-478d-a690-231cc07db2e2,,30b4b140-53d5-478d-a690-231cc07db2e2,,no,no,unmapped_raw_key
P04,with_tutor,T01,19,2026-05-29T22:57:46.327489+00:00,1780095466.3189702,dcs_bios_raw,PRESSURE_ALT,225,227,2,,,,S01,,30b4b140-53d5-478d-a690-231cc07db2e2,,30b4b140-53d5-478d-a690-231cc07db2e2,,no,no,unmapped_raw_key
P04,with_tutor,T01,20,2026-05-29T22:57:46.360543+00:00,1780095466.355041,dcs_bios_raw,VSI,32781,32782,1,,,,S01,,30b4b140-53d5-478d-a690-231cc07db2e2,,30b4b140-53d5-478d-a690-231cc07db2e2,,no,no,unmapped_raw_key
P04,with_tutor,T01,20,2026-05-29T22:57:46.360543+00:00,1780095466.355041,dcs_bios_raw,PRESSURE_ALT,227,229,2,,,,S01,,30b4b140-53d5-478d-a690-231cc07db2e2,,30b4b140-53d5-478d-a690-231cc07db2e2,,no,no,unmapped_raw_key
P04,with_tutor,T01,21,2026-05-29T22:57:46.397602+00:00,1780095466.3936026,dcs_bios_raw,PRESSURE_ALT,229,231,2,,,,S01,,30b4b140-53d5-478d-a690-231cc07db2e2,,30b4b140-53d5-478d-a690-231cc07db2e2,,no,no,unmapped_raw_key
P04,with_tutor,T01,22,2026-05-29T22:57:46.435672+00:00,1780095466.4316769,dcs_bios_raw,VSI,32782,32781,-1,,,,S01,,30b4b140-53d5-478d-a690-231cc07db2e2,,30b4b140-53d5-478d-a690-231cc07db2e2,,no,no,unmapped_raw_key
P04,with_tutor,T01,22,2026-05-29T22:57:46.435672+00:00,1780095466.4316769,dcs_bios_raw,PRESSURE_ALT,231,232,1,,,,S01,,30b4b140-53d5-478d-a690-231cc07db2e2,,30b4b140-53d5-478d-a690-231cc07db2e2,,no,no,unmapped_raw_key
P04,with_tutor,T01,23,2026-05-29T22:57:46.469230+00:00,1780095466.4652312,dcs_bios_raw,VSI,32781,32779,-2,,,,S01,,30b4b140-53d5-478d-a690-231cc07db2e2,,30b4b140-53d5-478d-a690-231cc07db2e2,,no,no,unmapped_raw_key
P04,with_tutor,T01,23,2026-05-29T22:57:46.469230+00:00,1780095466.4652312,dcs_bios_raw,PRESSURE_ALT,232,234,2,,,,S01,,30b4b140-53d5-478d-a690-231cc07db2e2,,30b4b140-53d5-478d-a690-231cc07db2e2,,no,no,unmapped_raw_key
P04,with_tutor,T01,24,2026-05-29T22:57:46.502831+00:00,1780095466.4983065,dcs_bios_raw,VSI,32779,32777,-2,,,,S01,,30b4b140-53d5-478d-a690-231cc07db2e2,,30b4b140-53d5-478d-a690-231cc07db2e2,,no,no,unmapped_raw_key
P04,with_tutor,T01,24,2026-05-29T22:57:46.502831+00:00,1780095466.4983065,dcs_bios_raw,PRESSURE_ALT,234,235,1,,,,S01,,30b4b140-53d5-478d-a690-231cc07db2e2,,30b4b140-53d5-478d-a690-231cc07db2e2,,no,no,unmapped_raw_key
P04,with_tutor,T01,25,2026-05-29T22:57:46.535382+00:00,1780095466.5313663,dcs_bios_raw,VSI,32777,32775,-2,,,,S01,,30b4b140-53d5-478d-a690-231cc07db2e2,,30b4b140-53d5-478d-a690-231cc07db2e2,,no,no,unmapped_raw_key
P04,with_tutor,T01,26,2026-05-29T22:57:46.568940+00:00,1780095466.5649395,dcs_bios_raw,VSI,32775,32773,-2,,,,S01,,30b4b140-53d5-478d-a690-231cc07db2e2,,30b4b140-53d5-478d-a690-231cc07db2e2,,no,no,unmapped_raw_key
P04,with_tutor,T01,26,2026-05-29T22:57:46.568940+00:00,1780095466.5649395,dcs_bios_raw,PRESSURE_ALT,235,236,1,,,,S01,,30b4b140-53d5-478d-a690-231cc07db2e2,,30b4b140-53d5-478d-a690-231cc07db2e2,,no,no,unmapped_raw_key
P04,with_tutor,T01,27,2026-05-29T22:57:46.607499+00:00,1780095466.6034994,dcs_bios_raw,VSI,32773,32771,-2,,,,S01,,30b4b140-53d5-478d-a690-231cc07db2e2,,30b4b140-53d5-478d-a690-231cc07db2e2,,no,no,unmapped_raw_key
P04,with_tutor,T01,27,2026-05-29T22:57:46.607499+00:00,1780095466.6034994,dcs_bios_raw,PRESSURE_ALT,236,237,1,,,,S01,,30b4b140-53d5-478d-a690-231cc07db2e2,,30b4b140-53d5-478d-a690-231cc07db2e2,,no,no,unmapped_raw_key
P04,with_tutor,T01,28,2026-05-29T22:57:46.641549+00:00,1780095466.6370437,dcs_bios_raw,VSI,32771,32768,-3,,,,S01,,30b4b140-53d5-478d-a690-231cc07db2e2,,30b4b140-53d5-478d-a690-231cc07db2e2,,no,no,unmapped_raw_key
P04,with_tutor,T01,29,2026-05-29T22:57:46.674105+00:00,1780095466.6705837,dcs_bios_raw,VSI,32768,32766,-2,,,,S01,,30b4b140-53d5-478d-a690-231cc07db2e2,,30b4b140-53d5-478d-a690-231cc07db2e2,,no,no,unmapped_raw_key
P04,with_tutor,T01,29,2026-05-29T22:57:46.674105+00:00,1780095466.6705837,dcs_bios_raw,PRESSURE_ALT,237,238,1,,,,S01,,30b4b140-53d5-478d-a690-231cc07db2e2,,30b4b140-53d5-478d-a690-231cc07db2e2,,no,no,unmapped_raw_key
P04,with_tutor,T01,30,2026-05-29T22:57:46.708180+00:00,1780095466.7031798,dcs_bios_raw,VSI,32766,32764,-2,,,,S01,,30b4b140-53d5-478d-a690-231cc07db2e2,,30b4b140-53d5-478d-a690-231cc07db2e2,,no,no,unmapped_raw_key
P04,with_tutor,T01,31,2026-05-29T22:57:46.742225+00:00,1780095466.737718,dcs_bios_raw,VSI,32764,32762,-2,,,,S01,,30b4b140-53d5-478d-a690-231cc07db2e2,,30b4b140-53d5-478d-a690-231cc07db2e2,,no,no,unmapped_raw_key
P04,with_tutor,T01,32,2026-05-29T22:57:46.774758+00:00,1780095466.7707438,dcs_bios_raw,VSI,32762,32761,-1,,,,S01,,30b4b140-53d5-478d-a690-231cc07db2e2,,30b4b140-53d5-478d-a690-231cc07db2e2,,no,no,unmapped_raw_key
P04,with_tutor,T01,32,2026-05-29T22:57:46.774758+00:00,1780095466.7707438,dcs_bios_raw,PRESSURE_ALT,238,239,1,,,,S01,,30b4b140-53d5-478d-a690-231cc07db2e2,,30b4b140-53d5-478d-a690-231cc07db2e2,,no,no,unmapped_raw_key
P04,with_tutor,T01,33,2026-05-29T22:57:46.810816+00:00,1780095466.806321,dcs_bios_raw,VSI,32761,32759,-2,,,,S01,,30b4b140-53d5-478d-a690-231cc07db2e2,,30b4b140-53d5-478d-a690-231cc07db2e2,,no,no,unmapped_raw_key
P04,with_tutor,T01,34,2026-05-29T22:57:46.845379+00:00,1780095466.839847,dcs_bios_raw,VSI,32759,32758,-1,,,,S01,,30b4b140-53d5-478d-a690-231cc07db2e2,,30b4b140-53d5-478d-a690-231cc07db2e2,,no,no,unmapped_raw_key
P04,with_tutor,T01,35,2026-05-29T22:57:46.877913+00:00,1780095466.8729138,dcs_bios_raw,VSI,32758,32757,-1,,,,S01,,30b4b140-53d5-478d-a690-231cc07db2e2,,30b4b140-53d5-478d-a690-231cc07db2e2,,no,no,unmapped_raw_key
P04,with_tutor,T01,39,2026-05-29T22:57:47.015069+00:00,1780095467.0110638,dcs_bios_raw,VSI,32757,32758,1,,,,S01,,30b4b140-53d5-478d-a690-231cc07db2e2,,30b4b140-53d5-478d-a690-231cc07db2e2,,no,no,unmapped_raw_key
P04,with_tutor,T01,41,2026-05-29T22:57:47.082671+00:00,1780095467.0781596,dcs_bios_raw,VSI,32758,32759,1,,,,S01,,30b4b140-53d5-478d-a690-231cc07db2e2,,30b4b140-53d5-478d-a690-231cc07db2e2,,no,no,unmapped_raw_key
P04,with_tutor,T01,42,2026-05-29T22:57:47.117227+00:00,1780095467.1122177,dcs_bios_raw,VSI,32759,32760,1,,,,S01,,30b4b140-53d5-478d-a690-231cc07db2e2,,30b4b140-53d5-478d-a690-231cc07db2e2,,no,no,unmapped_raw_key
P04,with_tutor,T01,43,2026-05-29T22:57:47.152277+00:00,1780095467.1447744,dcs_bios_raw,VSI,32760,32761,1,,,,S01,,30b4b140-53d5-478d-a690-231cc07db2e2,,30b4b140-53d5-478d-a690-231cc07db2e2,,no,no,unmapped_raw_key
P04,with_tutor,T01,44,2026-05-29T22:57:47.188830+00:00,1780095467.1838222,dcs_bios_raw,VSI,32761,32763,2,,,,S01,,30b4b140-53d5-478d-a690-231cc07db2e2,,30b4b140-53d5-478d-a690-231cc07db2e2,,no,no,unmapped_raw_key
P04,with_tutor,T01,45,2026-05-29T22:57:47.221856+00:00,1780095467.2163508,dcs_bios_raw,VSI,32763,32764,1,,,,S01,,30b4b140-53d5-478d-a690-231cc07db2e2,,30b4b140-53d5-478d-a690-231cc07db2e2,,no,no,unmapped_raw_key
P04,with_tutor,T01,46,2026-05-29T22:57:47.254395+00:00,1780095467.2498858,dcs_bios_raw,VSI,32764,32765,1,,,,S01,,30b4b140-53d5-478d-a690-231cc07db2e2,,30b4b140-53d5-478d-a690-231cc07db2e2,,no,no,unmapped_raw_key
P04,with_tutor,T01,47,2026-05-29T22:57:47.287935+00:00,1780095467.2829432,dcs_bios_raw,VSI,32765,32766,1,,,,S01,,30b4b140-53d5-478d-a690-231cc07db2e2,,30b4b140-53d5-478d-a690-231cc07db2e2,,no,no,unmapped_raw_key
P04,with_tutor,T01,48,2026-05-29T22:57:47.323994+00:00,1780095467.3194761,dcs_bios_raw,VSI,32766,32767,1,,,,S01,,30b4b140-53d5-478d-a690-231cc07db2e2,,30b4b140-53d5-478d-a690-231cc07db2e2,,no,no,unmapped_raw_key
P04,with_tutor,T01,49,2026-05-29T22:57:47.359539+00:00,1780095467.3535395,dcs_bios_raw,VSI,32767,32768,1,,,,S01,,30b4b140-53d5-478d-a690-231cc07db2e2,,30b4b140-53d5-478d-a690-231cc07db2e2,,no,no,unmapped_raw_key
P04,with_tutor,T01,51,2026-05-29T22:57:47.424690+00:00,1780095467.419182,dcs_bios_raw,VSI,32768,32769,1,,,,S01,,30b4b140-53d5-478d-a690-231cc07db2e2,,30b4b140-53d5-478d-a690-231cc07db2e2,,no,no,unmapped_raw_key
P04,with_tutor,T01,53,2026-05-29T22:57:47.491289+00:00,1780095467.4867938,dcs_bios_raw,VSI,32769,32770,1,,,,S01,,30b4b140-53d5-478d-a690-231cc07db2e2,,30b4b140-53d5-478d-a690-231cc07db2e2,,no,no,unmapped_raw_key
P04,with_tutor,T01,57,2026-05-29T22:57:47.626016+00:00,1780095467.622011,dcs_bios_raw,VSI,32770,32769,-1,,,,S01,,30b4b140-53d5-478d-a690-231cc07db2e2,,30b4b140-53d5-478d-a690-231cc07db2e2,,no,no,unmapped_raw_key
P04,with_tutor,T01,60,2026-05-29T22:57:47.735177+00:00,1780095467.73067,dcs_bios_raw,VSI,32769,32768,-1,,,,S01,,30b4b140-53d5-478d-a690-231cc07db2e2,,30b4b140-53d5-478d-a690-231cc07db2e2,,no,no,unmapped_raw_key
P04,with_tutor,T01,63,2026-05-29T22:57:47.836797+00:00,1780095467.8318021,dcs_bios_raw,VSI,32768,32767,-1,,,,S01,,30b4b140-53d5-478d-a690-231cc07db2e2,,30b4b140-53d5-478d-a690-231cc07db2e2,,no,no,unmapped_raw_key
P04,with_tutor,T01,65,2026-05-29T22:57:47.906898+00:00,1780095467.9018965,dcs_bios_raw,VSI,32767,32766,-1,,,,S01,,30b4b140-53d5-478d-a690-231cc07db2e2,,30b4b140-53d5-478d-a690-231cc07db2e2,,no,no,unmapped_raw_key
P04,with_tutor,T01,70,2026-05-29T22:57:48.078477+00:00,1780095468.0743477,dcs_bios_raw,VSI,32766,32765,-1,,,,S01,,30b4b140-53d5-478d-a690-231cc07db2e2,,30b4b140-53d5-478d-a690-231cc07db2e2,,no,no,unmapped_raw_key
P04,with_tutor,T01,73,2026-05-29T22:57:48.178455+00:00,1780095468.1739604,dcs_bios_raw,VSI,32765,32766,1,,,,S01,,30b4b140-53d5-478d-a690-231cc07db2e2,,30b4b140-53d5-478d-a690-231cc07db2e2,,no,no,unmapped_raw_key
P04,with_tutor,T01,83,2026-05-29T22:57:53.167812+00:00,1780095473.159292,dcs_bios_raw,VSI,32766,32767,1,,,,S01,,403a0c23-5b70-4162-b20d-6a6af6dd6a01,30b4b140-53d5-478d-a690-231cc07db2e2,30b4b140-53d5-478d-a690-231cc07db2e2,4.208647,no,no,unmapped_raw_key;after_help
P04,with_tutor,T01,90,2026-05-29T22:57:53.210865+00:00,1780095473.2073646,dcs_bios_raw,VSI,32767,32768,1,,,,S01,,403a0c23-5b70-4162-b20d-6a6af6dd6a01,30b4b140-53d5-478d-a690-231cc07db2e2,30b4b140-53d5-478d-a690-231cc07db2e2,4.25672,no,no,unmapped_raw_key;after_help
P04,with_tutor,T01,96,2026-05-29T22:57:53.244405+00:00,1780095473.2408946,dcs_bios_raw,VSI,32768,32767,-1,,,,S01,,403a0c23-5b70-4162-b20d-6a6af6dd6a01,30b4b140-53d5-478d-a690-231cc07db2e2,30b4b140-53d5-478d-a690-231cc07db2e2,4.29025,no,no,unmapped_raw_key;after_help
P04,with_tutor,T01,168,2026-05-29T22:57:53.604903+00:00,1780095473.6008978,dcs_bios_raw,HIDE_STICK_TOGGLE,,1,1,,,,S01,,403a0c23-5b70-4162-b20d-6a6af6dd6a01,30b4b140-53d5-478d-a690-231cc07db2e2,30b4b140-53d5-478d-a690-231cc07db2e2,4.650253,no,no,unmapped_raw_key;after_help
P04,with_tutor,T01,249,2026-05-29T22:57:54.901146+00:00,1780095474.8966353,dcs_bios_raw,BATTERY_SW,1,2,1,battery_switch,S01,,S01,,403a0c23-5b70-4162-b20d-6a6af6dd6a01,30b4b140-53d5-478d-a690-231cc07db2e2,30b4b140-53d5-478d-a690-231cc07db2e2,5.945991,no,no,after_help
P04,with_tutor,T01,504,2026-05-29T22:58:09.977606+00:00,1780095489.974606,dcs_bios_raw,APU_CONTROL_SW,0,1,1,apu_switch,S03,,S03,,c84bafd5-84c3-4800-b78e-bb881064f8f1,403a0c23-5b70-4162-b20d-6a6af6dd6a01,403a0c23-5b70-4162-b20d-6a6af6dd6a01,6.015434,no,no,after_help
P04,with_tutor,T01,951,2026-05-29T22:58:25.346461+00:00,1780095505.3404267,dcs_bios_raw,ENGINE_CRANK_SW,1,2,1,eng_crank_switch,S04;S10,,S06,,c84bafd5-84c3-4800-b78e-bb881064f8f1,403a0c23-5b70-4162-b20d-6a6af6dd6a01,c84bafd5-84c3-4800-b78e-bb881064f8f1,21.381255,no,no,after_help
P04,with_tutor,T01,1339,2026-05-29T22:58:38.467369+00:00,1780095518.465355,dcs_bios_raw,INT_THROTTLE_RIGHT,0,471,471,throttle_quadrant_reference,,,S06,,c84bafd5-84c3-4800-b78e-bb881064f8f1,403a0c23-5b70-4162-b20d-6a6af6dd6a01,c84bafd5-84c3-4800-b78e-bb881064f8f1,34.506183,no,no,mapped_target_without_candidate_step;after_help
P04,with_tutor,T01,1340,2026-05-29T22:58:38.502424+00:00,1780095518.4989176,dcs_bios_raw,INT_THROTTLE_RIGHT,471,943,472,throttle_quadrant_reference,,,S06,,c84bafd5-84c3-4800-b78e-bb881064f8f1,403a0c23-5b70-4162-b20d-6a6af6dd6a01,c84bafd5-84c3-4800-b78e-bb881064f8f1,34.539746,no,no,mapped_target_without_candidate_step;after_help
P04,with_tutor,T01,1341,2026-05-29T22:58:38.533960+00:00,1780095518.5319562,dcs_bios_raw,INT_THROTTLE_RIGHT,943,1336,393,throttle_quadrant_reference,,,S06,,c84bafd5-84c3-4800-b78e-bb881064f8f1,403a0c23-5b70-4162-b20d-6a6af6dd6a01,c84bafd5-84c3-4800-b78e-bb881064f8f1,34.572784,no,no,mapped_target_without_candidate_step;after_help
P04,with_tutor,T01,1342,2026-05-29T22:58:38.568002+00:00,1780095518.5654905,dcs_bios_raw,INT_THROTTLE_RIGHT,1336,1808,472,throttle_quadrant_reference,,,S06,,c84bafd5-84c3-4800-b78e-bb881064f8f1,403a0c23-5b70-4162-b20d-6a6af6dd6a01,c84bafd5-84c3-4800-b78e-bb881064f8f1,34.606319,no,no,mapped_target_without_candidate_step;after_help
P04,with_tutor,T01,1343,2026-05-29T22:58:38.600568+00:00,1780095518.5985692,dcs_bios_raw,INT_THROTTLE_RIGHT,1808,2201,393,throttle_quadrant_reference,,,S06,,c84bafd5-84c3-4800-b78e-bb881064f8f1,403a0c23-5b70-4162-b20d-6a6af6dd6a01,c84bafd5-84c3-4800-b78e-bb881064f8f1,34.639397,no,no,mapped_target_without_candidate_step;after_help
P04,with_tutor,T01,1344,2026-05-29T22:58:38.634640+00:00,1780095518.632629,dcs_bios_raw,INT_THROTTLE_RIGHT,2201,2673,472,throttle_quadrant_reference,,,S06,,c84bafd5-84c3-4800-b78e-bb881064f8f1,403a0c23-5b70-4162-b20d-6a6af6dd6a01,c84bafd5-84c3-4800-b78e-bb881064f8f1,34.673457,no,no,mapped_target_without_candidate_step;after_help
P04,with_tutor,T01,1345,2026-05-29T22:58:38.669666+00:00,1780095518.6656635,dcs_bios_raw,INT_THROTTLE_RIGHT,2673,3145,472,throttle_quadrant_reference,,,S06,,c84bafd5-84c3-4800-b78e-bb881064f8f1,403a0c23-5b70-4162-b20d-6a6af6dd6a01,c84bafd5-84c3-4800-b78e-bb881064f8f1,34.706492,no,no,mapped_target_without_candidate_step;after_help
P04,with_tutor,T01,1346,2026-05-29T22:58:38.700217+00:00,1780095518.6982102,dcs_bios_raw,INT_THROTTLE_RIGHT,3145,3538,393,throttle_quadrant_reference,,,S06,,c84bafd5-84c3-4800-b78e-bb881064f8f1,403a0c23-5b70-4162-b20d-6a6af6dd6a01,c84bafd5-84c3-4800-b78e-bb881064f8f1,34.739038,no,no,mapped_target_without_candidate_step;after_help
P04,with_tutor,T01,1347,2026-05-29T22:58:38.734279+00:00,1780095518.7322726,dcs_bios_raw,INT_THROTTLE_RIGHT,3538,4010,472,throttle_quadrant_reference,,,S06,,c84bafd5-84c3-4800-b78e-bb881064f8f1,403a0c23-5b70-4162-b20d-6a6af6dd6a01,c84bafd5-84c3-4800-b78e-bb881064f8f1,34.773101,no,no,mapped_target_without_candidate_step;after_help
P04,with_tutor,T01,1348,2026-05-29T22:58:38.767328+00:00,1780095518.764816,dcs_bios_raw,INT_THROTTLE_RIGHT,4010,4403,393,throttle_quadrant_reference,,,S06,,c84bafd5-84c3-4800-b78e-bb881064f8f1,403a0c23-5b70-4162-b20d-6a6af6dd6a01,c84bafd5-84c3-4800-b78e-bb881064f8f1,34.805644,no,no,mapped_target_without_candidate_step;after_help
P04,with_tutor,T01,1349,2026-05-29T22:58:38.801880+00:00,1780095518.7988877,dcs_bios_raw,INT_THROTTLE_RIGHT,4403,4875,472,throttle_quadrant_reference,,,S06,,c84bafd5-84c3-4800-b78e-bb881064f8f1,403a0c23-5b70-4162-b20d-6a6af6dd6a01,c84bafd5-84c3-4800-b78e-bb881064f8f1,34.839716,no,no,mapped_target_without_candidate_step;after_help
P04,with_tutor,T01,1350,2026-05-29T22:58:38.834942+00:00,1780095518.8319209,dcs_bios_raw,INT_THROTTLE_RIGHT,4875,5269,394,throttle_quadrant_reference,,,S06,,c84bafd5-84c3-4800-b78e-bb881064f8f1,403a0c23-5b70-4162-b20d-6a6af6dd6a01,c84bafd5-84c3-4800-b78e-bb881064f8f1,34.872749,no,no,mapped_target_without_candidate_step;after_help
P04,with_tutor,T01,1351,2026-05-29T22:58:38.873476+00:00,1780095518.8709767,dcs_bios_raw,INT_THROTTLE_RIGHT,5269,5740,471,throttle_quadrant_reference,,,S06,,c84bafd5-84c3-4800-b78e-bb881064f8f1,403a0c23-5b70-4162-b20d-6a6af6dd6a01,c84bafd5-84c3-4800-b78e-bb881064f8f1,34.911805,no,no,mapped_target_without_candidate_step;after_help
P04,with_tutor,T01,1352,2026-05-29T22:58:38.907037+00:00,1780095518.904028,dcs_bios_raw,INT_THROTTLE_RIGHT,5740,6212,472,throttle_quadrant_reference,,,S06,,c84bafd5-84c3-4800-b78e-bb881064f8f1,403a0c23-5b70-4162-b20d-6a6af6dd6a01,c84bafd5-84c3-4800-b78e-bb881064f8f1,34.944856,no,no,mapped_target_without_candidate_step;after_help
P04,with_tutor,T01,1353,2026-05-29T22:58:38.942111+00:00,1780095518.9376013,dcs_bios_raw,INT_THROTTLE_RIGHT,6212,6553,341,throttle_quadrant_reference,,,S06,,c84bafd5-84c3-4800-b78e-bb881064f8f1,403a0c23-5b70-4162-b20d-6a6af6dd6a01,c84bafd5-84c3-4800-b78e-bb881064f8f1,34.97843,no,no,mapped_target_without_candidate_step;after_help
P04,with_tutor,T01,1679,2026-05-29T22:58:50.015322+00:00,1780095530.0098157,dcs_bios_raw,BLEED_AIR_KNOB,2,3,1,bleed_air_knob,S06,,S07,,7b892628-824c-44ca-a6ce-33567223bd1e,c84bafd5-84c3-4800-b78e-bb881064f8f1,7b892628-824c-44ca-a6ce-33567223bd1e,8.288096,no,no,after_help
P04,with_tutor,T01,1687,2026-05-29T22:58:50.287228+00:00,1780095530.2832255,dcs_bios_raw,BLEED_AIR_KNOB,3,0,-3,bleed_air_knob,S06,,S07,,7b892628-824c-44ca-a6ce-33567223bd1e,c84bafd5-84c3-4800-b78e-bb881064f8f1,7b892628-824c-44ca-a6ce-33567223bd1e,8.561506,no,no,after_help
P04,with_tutor,T01,1700,2026-05-29T22:58:50.718941+00:00,1780095530.7159333,dcs_bios_raw,BLEED_AIR_KNOB,0,1,1,bleed_air_knob,S06,,S07,,7b892628-824c-44ca-a6ce-33567223bd1e,c84bafd5-84c3-4800-b78e-bb881064f8f1,7b892628-824c-44ca-a6ce-33567223bd1e,8.994214,no,no,after_help
P04,with_tutor,T01,1707,2026-05-29T22:58:50.959315+00:00,1780095530.9553223,dcs_bios_raw,BLEED_AIR_KNOB,1,2,1,bleed_air_knob,S06,,S07,,7b892628-824c-44ca-a6ce-33567223bd1e,c84bafd5-84c3-4800-b78e-bb881064f8f1,7b892628-824c-44ca-a6ce-33567223bd1e,9.233603,no,no,after_help
P04,with_tutor,T01,1792,2026-05-29T22:58:57.188902+00:00,1780095537.1859007,dcs_bios_raw,VSI,32767,32766,-1,,,,S07,,041d787d-9cb7-4b57-be4e-e291f51352f8,7b892628-824c-44ca-a6ce-33567223bd1e,7b892628-824c-44ca-a6ce-33567223bd1e,4.939344,no,no,unmapped_raw_key;after_help
P04,with_tutor,T01,1844,2026-05-29T22:58:57.362156+00:00,1780095537.359157,dcs_bios_raw,VSI,32766,32765,-1,,,,S07,,041d787d-9cb7-4b57-be4e-e291f51352f8,7b892628-824c-44ca-a6ce-33567223bd1e,7b892628-824c-44ca-a6ce-33567223bd1e,5.1126,no,no,unmapped_raw_key;after_help
P04,with_tutor,T01,1849,2026-05-29T22:58:57.378178+00:00,1780095537.3761854,dcs_bios_raw,COMM1_CHANNEL_NUMERIC,,1,1,ufc_comm1_channel_selector_rotate;ufc_comm1_channel_selector_pull,S09,,S07,,041d787d-9cb7-4b57-be4e-e291f51352f8,7b892628-824c-44ca-a6ce-33567223bd1e,7b892628-824c-44ca-a6ce-33567223bd1e,5.129629,no,no,after_help
P04,with_tutor,T01,1849,2026-05-29T22:58:57.378178+00:00,1780095537.3761854,dcs_bios_raw,COMM2_CHANNEL_NUMERIC,,1,1,ufc_comm2_channel_selector_rotate;ufc_comm2_channel_selector_pull,,,S07,,041d787d-9cb7-4b57-be4e-e291f51352f8,7b892628-824c-44ca-a6ce-33567223bd1e,7b892628-824c-44ca-a6ce-33567223bd1e,5.129629,no,no,mapped_target_without_candidate_step;after_help
P04,with_tutor,T01,1851,2026-05-29T22:58:57.384699+00:00,1780095537.3821874,dcs_bios_raw,ENGINE_CRANK_SW,2,1,-1,eng_crank_switch,S04;S10,,S07,,041d787d-9cb7-4b57-be4e-e291f51352f8,7b892628-824c-44ca-a6ce-33567223bd1e,7b892628-824c-44ca-a6ce-33567223bd1e,5.135631,no,no,after_help
P04,with_tutor,T01,1881,2026-05-29T22:58:57.478318+00:00,1780095537.4753184,dcs_bios_raw,VSI,32765,32766,1,,,,S07,,041d787d-9cb7-4b57-be4e-e291f51352f8,7b892628-824c-44ca-a6ce-33567223bd1e,7b892628-824c-44ca-a6ce-33567223bd1e,5.228762,no,no,unmapped_raw_key;after_help
P04,with_tutor,T01,1903,2026-05-29T22:58:57.543925+00:00,1780095537.5419204,dcs_bios_raw,VSI,32766,32767,1,,,,S07,,041d787d-9cb7-4b57-be4e-e291f51352f8,7b892628-824c-44ca-a6ce-33567223bd1e,7b892628-824c-44ca-a6ce-33567223bd1e,5.295364,no,no,unmapped_raw_key;after_help
P04,with_tutor,T01,1975,2026-05-29T22:58:59.962761+00:00,1780095539.9592488,dcs_bios_raw,LIGHTS_TEST_SW,,1,1,lights_test_button,S07,,S07,,041d787d-9cb7-4b57-be4e-e291f51352f8,7b892628-824c-44ca-a6ce-33567223bd1e,7b892628-824c-44ca-a6ce-33567223bd1e,7.712692,no,no,after_help
P04,with_tutor,T01,2031,2026-05-29T22:59:01.858620+00:00,1780095541.855621,dcs_bios_raw,LIGHTS_TEST_SW,1,0,-1,lights_test_button,S07,,S08,,041d787d-9cb7-4b57-be4e-e291f51352f8,7b892628-824c-44ca-a6ce-33567223bd1e,041d787d-9cb7-4b57-be4e-e291f51352f8,9.609064,no,no,after_help
P04,with_tutor,T01,2306,2026-05-29T22:59:15.882748+00:00,1780095555.88024,dcs_bios_raw,LEFT_DDI_BRT_SELECT,,1,1,left_mdi_brightness_selector,S08,,S08,,4216433e-c1a4-4a94-88fd-28d05e85a57e,041d787d-9cb7-4b57-be4e-e291f51352f8,041d787d-9cb7-4b57-be4e-e291f51352f8,6.539143,no,no,after_help
P04,with_tutor,T01,2310,2026-05-29T22:59:15.926318+00:00,1780095555.9208128,dcs_bios_raw,LEFT_DDI_BRT_SELECT,1,2,1,left_mdi_brightness_selector,S08,,S08,,4216433e-c1a4-4a94-88fd-28d05e85a57e,041d787d-9cb7-4b57-be4e-e291f51352f8,041d787d-9cb7-4b57-be4e-e291f51352f8,6.579716,no,no,after_help
P04,with_tutor,T01,2320,2026-05-29T22:59:16.568140+00:00,1780095556.5651402,dcs_bios_raw,RIGHT_DDI_BRT_SELECT,,1,1,right_mdi_brightness_selector,S08,,S08,,4216433e-c1a4-4a94-88fd-28d05e85a57e,041d787d-9cb7-4b57-be4e-e291f51352f8,041d787d-9cb7-4b57-be4e-e291f51352f8,7.224044,no,no,after_help
P04,with_tutor,T01,2324,2026-05-29T22:59:16.701340+00:00,1780095556.6983333,dcs_bios_raw,RIGHT_DDI_BRT_SELECT,1,2,1,right_mdi_brightness_selector,S08,,S08,,4216433e-c1a4-4a94-88fd-28d05e85a57e,041d787d-9cb7-4b57-be4e-e291f51352f8,041d787d-9cb7-4b57-be4e-e291f51352f8,7.357237,no,no,after_help
P04,with_tutor,T01,2338,2026-05-29T22:59:17.573945+00:00,1780095557.5704415,dcs_bios_raw,HUD_SYM_BRT,,2729,2729,hud_symbology_brightness_knob,S08,,S08,,4216433e-c1a4-4a94-88fd-28d05e85a57e,041d787d-9cb7-4b57-be4e-e291f51352f8,041d787d-9cb7-4b57-be4e-e291f51352f8,8.229345,no,no,after_help
P04,with_tutor,T01,2339,2026-05-29T22:59:17.612995+00:00,1780095557.6074867,dcs_bios_raw,HUD_SYM_BRT,2729,15469,12740,hud_symbology_brightness_knob,S08,,S08,,4216433e-c1a4-4a94-88fd-28d05e85a57e,041d787d-9cb7-4b57-be4e-e291f51352f8,041d787d-9cb7-4b57-be4e-e291f51352f8,8.26639,no,no,after_help
P04,with_tutor,T01,2340,2026-05-29T22:59:17.644033+00:00,1780095557.6405244,dcs_bios_raw,HUD_SYM_BRT,15469,30029,14560,hud_symbology_brightness_knob,S08,,S08,,4216433e-c1a4-4a94-88fd-28d05e85a57e,041d787d-9cb7-4b57-be4e-e291f51352f8,041d787d-9cb7-4b57-be4e-e291f51352f8,8.299428,no,no,after_help
P04,with_tutor,T01,2341,2026-05-29T22:59:17.677553+00:00,1780095557.6745539,dcs_bios_raw,HUD_SYM_BRT,30029,47687,17658,hud_symbology_brightness_knob,S08,,S08,,4216433e-c1a4-4a94-88fd-28d05e85a57e,041d787d-9cb7-4b57-be4e-e291f51352f8,041d787d-9cb7-4b57-be4e-e291f51352f8,8.333457,no,no,after_help
P04,with_tutor,T01,2342,2026-05-29T22:59:17.710094+00:00,1780095557.7070837,dcs_bios_raw,HUD_SYM_BRT,47687,65535,17848,hud_symbology_brightness_knob,S08,,S08,,4216433e-c1a4-4a94-88fd-28d05e85a57e,041d787d-9cb7-4b57-be4e-e291f51352f8,041d787d-9cb7-4b57-be4e-e291f51352f8,8.365987,no,no,after_help
P04,with_tutor,T01,2364,2026-05-29T22:59:18.955273+00:00,1780095558.952269,dcs_bios_raw,AMPCD_BRT_CTL,,181,181,ampcd_off_brightness_knob,S08,,S08,,4216433e-c1a4-4a94-88fd-28d05e85a57e,041d787d-9cb7-4b57-be4e-e291f51352f8,041d787d-9cb7-4b57-be4e-e291f51352f8,9.611172,no,no,after_help
P04,with_tutor,T01,2365,2026-05-29T22:59:18.988805+00:00,1780095558.985806,dcs_bios_raw,AMPCD_BRT_CTL,181,3275,3094,ampcd_off_brightness_knob,S08,,S08,,4216433e-c1a4-4a94-88fd-28d05e85a57e,041d787d-9cb7-4b57-be4e-e291f51352f8,041d787d-9cb7-4b57-be4e-e291f51352f8,9.644709,no,no,after_help
P04,with_tutor,T01,2366,2026-05-29T22:59:19.022840+00:00,1780095559.0193343,dcs_bios_raw,AMPCD_BRT_CTL,3275,12739,9464,ampcd_off_brightness_knob,S08,,S08,,4216433e-c1a4-4a94-88fd-28d05e85a57e,041d787d-9cb7-4b57-be4e-e291f51352f8,041d787d-9cb7-4b57-be4e-e291f51352f8,9.678238,no,no,after_help
P04,with_tutor,T01,2367,2026-05-29T22:59:19.056359+00:00,1780095559.052354,dcs_bios_raw,AMPCD_BRT_CTL,12739,25115,12376,ampcd_off_brightness_knob,S08,,S08,,4216433e-c1a4-4a94-88fd-28d05e85a57e,041d787d-9cb7-4b57-be4e-e291f51352f8,041d787d-9cb7-4b57-be4e-e291f51352f8,9.711257,no,no,after_help
P04,with_tutor,T01,2368,2026-05-29T22:59:19.088894+00:00,1780095559.0859017,dcs_bios_raw,AMPCD_BRT_CTL,25115,40403,15288,ampcd_off_brightness_knob,S08,,S08,,4216433e-c1a4-4a94-88fd-28d05e85a57e,041d787d-9cb7-4b57-be4e-e291f51352f8,041d787d-9cb7-4b57-be4e-e291f51352f8,9.744805,no,no,after_help
P04,with_tutor,T01,2369,2026-05-29T22:59:19.121931+00:00,1780095559.1194363,dcs_bios_raw,AMPCD_BRT_CTL,40403,57693,17290,ampcd_off_brightness_knob,S08,,S08,,4216433e-c1a4-4a94-88fd-28d05e85a57e,041d787d-9cb7-4b57-be4e-e291f51352f8,041d787d-9cb7-4b57-be4e-e291f51352f8,9.77834,no,no,after_help
P04,with_tutor,T01,2370,2026-05-29T22:59:19.155463+00:00,1780095559.1524494,dcs_bios_raw,AMPCD_BRT_CTL,57693,65535,7842,ampcd_off_brightness_knob,S08,,S08,,4216433e-c1a4-4a94-88fd-28d05e85a57e,041d787d-9cb7-4b57-be4e-e291f51352f8,041d787d-9cb7-4b57-be4e-e291f51352f8,9.811353,no,no,after_help
P04,with_tutor,T01,2377,2026-05-29T22:59:19.428296+00:00,1780095559.4252958,dcs_bios_raw,AMPCD_BRT_CTL,65535,64443,-1092,ampcd_off_brightness_knob,S08,,S08,,4216433e-c1a4-4a94-88fd-28d05e85a57e,041d787d-9cb7-4b57-be4e-e291f51352f8,041d787d-9cb7-4b57-be4e-e291f51352f8,10.084199,no,no,after_help
P04,with_tutor,T01,2771,2026-05-29T22:59:46.697649+00:00,1780095586.694642,dcs_bios_raw,LEFT_DDI_PB_18,,1,1,left_mdi_pb18,S08;S15,,S08,,5d9a378b-59e1-4d2f-9eb5-bca37b6dab7a,4216433e-c1a4-4a94-88fd-28d05e85a57e,4216433e-c1a4-4a94-88fd-28d05e85a57e,6.965213,no,no,after_help
P04,with_tutor,T01,2772,2026-05-29T22:59:46.710674+00:00,1780095586.7086692,dcs_bios_raw,LEFT_DDI_PB_18,1,0,-1,left_mdi_pb18,S08;S15,,S08,,5d9a378b-59e1-4d2f-9eb5-bca37b6dab7a,4216433e-c1a4-4a94-88fd-28d05e85a57e,4216433e-c1a4-4a94-88fd-28d05e85a57e,6.97924,no,no,after_help
P04,with_tutor,T01,2777,2026-05-29T22:59:46.831310+00:00,1780095586.8293047,dcs_bios_raw,LEFT_DDI_PB_15,,1,1,left_mdi_pb15,S08;S15,,S08,,5d9a378b-59e1-4d2f-9eb5-bca37b6dab7a,4216433e-c1a4-4a94-88fd-28d05e85a57e,4216433e-c1a4-4a94-88fd-28d05e85a57e,7.099875,no,no,after_help
P04,with_tutor,T01,2780,2026-05-29T22:59:46.839813+00:00,1780095586.837309,dcs_bios_raw,LEFT_DDI_PB_15,1,0,-1,left_mdi_pb15,S08;S15,,S08,,5d9a378b-59e1-4d2f-9eb5-bca37b6dab7a,4216433e-c1a4-4a94-88fd-28d05e85a57e,4216433e-c1a4-4a94-88fd-28d05e85a57e,7.107879,no,no,after_help
P04,with_tutor,T01,2976,2026-05-29T23:00:01.166983+00:00,1780095601.164481,dcs_bios_raw,UFC_COMM1_PULL,,1,1,ufc_comm1_channel_selector_pull,S09,,S10,,e249d452-154c-44dc-a18d-0beb3c9d6af5,5d9a378b-59e1-4d2f-9eb5-bca37b6dab7a,e249d452-154c-44dc-a18d-0beb3c9d6af5,7.2015,no,no,after_help
P04,with_tutor,T01,2979,2026-05-29T23:00:01.179010+00:00,1780095601.1770039,dcs_bios_raw,UFC_COMM1_PULL,1,0,-1,ufc_comm1_channel_selector_pull,S09,,S10,,e249d452-154c-44dc-a18d-0beb3c9d6af5,5d9a378b-59e1-4d2f-9eb5-bca37b6dab7a,e249d452-154c-44dc-a18d-0beb3c9d6af5,7.214023,no,no,after_help
P04,with_tutor,T01,2999,2026-05-29T23:00:01.240056+00:00,1780095601.2380524,dcs_bios_raw,UFC_1,,1,1,ufc_key_1,S09,,S10,,e249d452-154c-44dc-a18d-0beb3c9d6af5,5d9a378b-59e1-4d2f-9eb5-bca37b6dab7a,e249d452-154c-44dc-a18d-0beb3c9d6af5,7.275072,no,no,after_help
P04,with_tutor,T01,3001,2026-05-29T23:00:01.247056+00:00,1780095601.244056,dcs_bios_raw,UFC_1,1,0,-1,ufc_key_1,S09,,S10,,e249d452-154c-44dc-a18d-0beb3c9d6af5,5d9a378b-59e1-4d2f-9eb5-bca37b6dab7a,e249d452-154c-44dc-a18d-0beb3c9d6af5,7.281075,no,no,after_help
P04,with_tutor,T01,3011,2026-05-29T23:00:01.433773+00:00,1780095601.430773,dcs_bios_raw,UFC_3,,1,1,ufc_key_3,S09,,S10,,e249d452-154c-44dc-a18d-0beb3c9d6af5,5d9a378b-59e1-4d2f-9eb5-bca37b6dab7a,e249d452-154c-44dc-a18d-0beb3c9d6af5,7.467792,no,no,after_help
P04,with_tutor,T01,3014,2026-05-29T23:00:01.533379+00:00,1780095601.530383,dcs_bios_raw,UFC_3,1,0,-1,ufc_key_3,S09,,S10,,e249d452-154c-44dc-a18d-0beb3c9d6af5,5d9a378b-59e1-4d2f-9eb5-bca37b6dab7a,e249d452-154c-44dc-a18d-0beb3c9d6af5,7.567402,no,no,after_help
P04,with_tutor,T01,3026,2026-05-29T23:00:01.935861+00:00,1780095601.9298697,dcs_bios_raw,UFC_4,,1,1,ufc_key_4,S09,,S10,,e249d452-154c-44dc-a18d-0beb3c9d6af5,5d9a378b-59e1-4d2f-9eb5-bca37b6dab7a,e249d452-154c-44dc-a18d-0beb3c9d6af5,7.966889,no,no,after_help
P04,with_tutor,T01,3028,2026-05-29T23:00:02.000964+00:00,1780095601.9969594,dcs_bios_raw,UFC_4,1,0,-1,ufc_key_4,S09,,S10,,e249d452-154c-44dc-a18d-0beb3c9d6af5,5d9a378b-59e1-4d2f-9eb5-bca37b6dab7a,e249d452-154c-44dc-a18d-0beb3c9d6af5,8.033979,no,no,after_help
P04,with_tutor,T01,3033,2026-05-29T23:00:02.367417+00:00,1780095602.3639216,dcs_bios_raw,UFC_0,,1,1,ufc_key_0,S09,,S10,,e249d452-154c-44dc-a18d-0beb3c9d6af5,5d9a378b-59e1-4d2f-9eb5-bca37b6dab7a,e249d452-154c-44dc-a18d-0beb3c9d6af5,8.400941,no,no,after_help
P04,with_tutor,T01,3036,2026-05-29T23:00:02.467513+00:00,1780095602.4630134,dcs_bios_raw,UFC_0,1,0,-1,ufc_key_0,S09,,S10,,e249d452-154c-44dc-a18d-0beb3c9d6af5,5d9a378b-59e1-4d2f-9eb5-bca37b6dab7a,e249d452-154c-44dc-a18d-0beb3c9d6af5,8.500033,no,no,after_help
P04,with_tutor,T01,3037,2026-05-29T23:00:02.500052+00:00,1780095602.4970386,dcs_bios_raw,UFC_0,0,1,1,ufc_key_0,S09,,S10,,e249d452-154c-44dc-a18d-0beb3c9d6af5,5d9a378b-59e1-4d2f-9eb5-bca37b6dab7a,e249d452-154c-44dc-a18d-0beb3c9d6af5,8.534058,no,no,after_help
P04,with_tutor,T01,3038,2026-05-29T23:00:02.599667+00:00,1780095602.5966618,dcs_bios_raw,UFC_0,1,0,-1,ufc_key_0,S09,,S10,,e249d452-154c-44dc-a18d-0beb3c9d6af5,5d9a378b-59e1-4d2f-9eb5-bca37b6dab7a,e249d452-154c-44dc-a18d-0beb3c9d6af5,8.633681,no,no,after_help
P04,with_tutor,T01,3040,2026-05-29T23:00:02.668234+00:00,1780095602.6637287,dcs_bios_raw,UFC_0,0,1,1,ufc_key_0,S09,,S10,,e249d452-154c-44dc-a18d-0beb3c9d6af5,5d9a378b-59e1-4d2f-9eb5-bca37b6dab7a,e249d452-154c-44dc-a18d-0beb3c9d6af5,8.700748,no,no,after_help
P04,with_tutor,T01,3041,2026-05-29T23:00:02.766850+00:00,1780095602.7633486,dcs_bios_raw,UFC_0,1,0,-1,ufc_key_0,S09,,S10,,e249d452-154c-44dc-a18d-0beb3c9d6af5,5d9a378b-59e1-4d2f-9eb5-bca37b6dab7a,e249d452-154c-44dc-a18d-0beb3c9d6af5,8.800368,no,no,after_help
P04,with_tutor,T01,3043,2026-05-29T23:00:03.139810+00:00,1780095603.135285,dcs_bios_raw,UFC_ENT,,1,1,ufc_ent_button,S09,,S10,,e249d452-154c-44dc-a18d-0beb3c9d6af5,5d9a378b-59e1-4d2f-9eb5-bca37b6dab7a,e249d452-154c-44dc-a18d-0beb3c9d6af5,9.172304,no,no,after_help
P04,with_tutor,T01,3046,2026-05-29T23:00:03.305005+00:00,1780095603.3020115,dcs_bios_raw,COMM1_FREQ,,13400,13400,ufc_comm1_channel_selector_rotate;ufc_comm1_channel_selector_pull,S09,,S10,,e249d452-154c-44dc-a18d-0beb3c9d6af5,5d9a378b-59e1-4d2f-9eb5-bca37b6dab7a,e249d452-154c-44dc-a18d-0beb3c9d6af5,9.339031,no,no,after_help
P04,with_tutor,T01,3050,2026-05-29T23:00:03.672990+00:00,1780095603.6689913,dcs_bios_raw,UFC_ENT,1,0,-1,ufc_ent_button,S09,,S10,,e249d452-154c-44dc-a18d-0beb3c9d6af5,5d9a378b-59e1-4d2f-9eb5-bca37b6dab7a,e249d452-154c-44dc-a18d-0beb3c9d6af5,9.706011,no,no,after_help
P04,with_tutor,T01,3166,2026-05-29T23:00:11.427477+00:00,1780095611.4219725,dcs_bios_raw,ENGINE_CRANK_SW,1,0,-1,eng_crank_switch,S04;S10,,S10,,dabca420-1560-45c4-8be5-d1f10ebae00e,e249d452-154c-44dc-a18d-0beb3c9d6af5,e249d452-154c-44dc-a18d-0beb3c9d6af5,5.944757,no,no,after_help
P04,with_tutor,T01,3541,2026-05-29T23:00:24.344872+00:00,1780095624.3423502,dcs_bios_raw,INT_THROTTLE_LEFT,0,314,314,throttle_quadrant_reference,,,S10,,dabca420-1560-45c4-8be5-d1f10ebae00e,e249d452-154c-44dc-a18d-0beb3c9d6af5,e249d452-154c-44dc-a18d-0beb3c9d6af5,18.865135,no,no,mapped_target_without_candidate_step;after_help
P04,with_tutor,T01,3542,2026-05-29T23:00:24.378409+00:00,1780095624.3754082,dcs_bios_raw,INT_THROTTLE_LEFT,314,786,472,throttle_quadrant_reference,,,S10,,dabca420-1560-45c4-8be5-d1f10ebae00e,e249d452-154c-44dc-a18d-0beb3c9d6af5,e249d452-154c-44dc-a18d-0beb3c9d6af5,18.898193,no,no,mapped_target_without_candidate_step;after_help
P04,with_tutor,T01,3543,2026-05-29T23:00:24.410946+00:00,1780095624.4089456,dcs_bios_raw,INT_THROTTLE_LEFT,786,1179,393,throttle_quadrant_reference,,,S10,,dabca420-1560-45c4-8be5-d1f10ebae00e,e249d452-154c-44dc-a18d-0beb3c9d6af5,e249d452-154c-44dc-a18d-0beb3c9d6af5,18.931731,no,no,mapped_target_without_candidate_step;after_help
P04,with_tutor,T01,3544,2026-05-29T23:00:24.444976+00:00,1780095624.4424589,dcs_bios_raw,INT_THROTTLE_LEFT,1179,1651,472,throttle_quadrant_reference,,,S10,,dabca420-1560-45c4-8be5-d1f10ebae00e,e249d452-154c-44dc-a18d-0beb3c9d6af5,e249d452-154c-44dc-a18d-0beb3c9d6af5,18.965244,no,no,mapped_target_without_candidate_step;after_help
P04,with_tutor,T01,3545,2026-05-29T23:00:24.478502+00:00,1780095624.4755006,dcs_bios_raw,INT_THROTTLE_LEFT,1651,2123,472,throttle_quadrant_reference,,,S10,,dabca420-1560-45c4-8be5-d1f10ebae00e,e249d452-154c-44dc-a18d-0beb3c9d6af5,e249d452-154c-44dc-a18d-0beb3c9d6af5,18.998286,no,no,mapped_target_without_candidate_step;after_help
P04,with_tutor,T01,3546,2026-05-29T23:00:24.511057+00:00,1780095624.5090582,dcs_bios_raw,INT_THROTTLE_LEFT,2123,2516,393,throttle_quadrant_reference,,,S10,,dabca420-1560-45c4-8be5-d1f10ebae00e,e249d452-154c-44dc-a18d-0beb3c9d6af5,e249d452-154c-44dc-a18d-0beb3c9d6af5,19.031843,no,no,mapped_target_without_candidate_step;after_help
P04,with_tutor,T01,3547,2026-05-29T23:00:24.545093+00:00,1780095624.5415895,dcs_bios_raw,INT_THROTTLE_LEFT,2516,2988,472,throttle_quadrant_reference,,,S10,,dabca420-1560-45c4-8be5-d1f10ebae00e,e249d452-154c-44dc-a18d-0beb3c9d6af5,e249d452-154c-44dc-a18d-0beb3c9d6af5,19.064374,no,no,mapped_target_without_candidate_step;after_help
P04,with_tutor,T01,3548,2026-05-29T23:00:24.582618+00:00,1780095624.5786262,dcs_bios_raw,INT_THROTTLE_LEFT,2988,3381,393,throttle_quadrant_reference,,,S10,,dabca420-1560-45c4-8be5-d1f10ebae00e,e249d452-154c-44dc-a18d-0beb3c9d6af5,e249d452-154c-44dc-a18d-0beb3c9d6af5,19.101411,no,no,mapped_target_without_candidate_step;after_help
P04,with_tutor,T01,3549,2026-05-29T23:00:24.614670+00:00,1780095624.6121666,dcs_bios_raw,INT_THROTTLE_LEFT,3381,3853,472,throttle_quadrant_reference,,,S10,,dabca420-1560-45c4-8be5-d1f10ebae00e,e249d452-154c-44dc-a18d-0beb3c9d6af5,e249d452-154c-44dc-a18d-0beb3c9d6af5,19.134952,no,no,mapped_target_without_candidate_step;after_help
P04,with_tutor,T01,3550,2026-05-29T23:00:24.651199+00:00,1780095624.645195,dcs_bios_raw,INT_THROTTLE_LEFT,3853,4325,472,throttle_quadrant_reference,,,S10,,dabca420-1560-45c4-8be5-d1f10ebae00e,e249d452-154c-44dc-a18d-0beb3c9d6af5,e249d452-154c-44dc-a18d-0beb3c9d6af5,19.16798,no,no,mapped_target_without_candidate_step;after_help
P04,with_tutor,T01,3551,2026-05-29T23:00:24.681727+00:00,1780095624.6787274,dcs_bios_raw,INT_THROTTLE_LEFT,4325,4718,393,throttle_quadrant_reference,,,S10,,dabca420-1560-45c4-8be5-d1f10ebae00e,e249d452-154c-44dc-a18d-0beb3c9d6af5,e249d452-154c-44dc-a18d-0beb3c9d6af5,19.201512,no,no,mapped_target_without_candidate_step;after_help
P04,with_tutor,T01,3552,2026-05-29T23:00:24.715289+00:00,1780095624.7117846,dcs_bios_raw,INT_THROTTLE_LEFT,4718,5190,472,throttle_quadrant_reference,,,S10,,dabca420-1560-45c4-8be5-d1f10ebae00e,e249d452-154c-44dc-a18d-0beb3c9d6af5,e249d452-154c-44dc-a18d-0beb3c9d6af5,19.23457,no,no,mapped_target_without_candidate_step;after_help
P04,with_tutor,T01,3553,2026-05-29T23:00:24.747826+00:00,1780095624.7448227,dcs_bios_raw,INT_THROTTLE_LEFT,5190,5662,472,throttle_quadrant_reference,,,S10,,dabca420-1560-45c4-8be5-d1f10ebae00e,e249d452-154c-44dc-a18d-0beb3c9d6af5,e249d452-154c-44dc-a18d-0beb3c9d6af5,19.267608,no,no,mapped_target_without_candidate_step;after_help
P04,with_tutor,T01,3554,2026-05-29T23:00:24.781367+00:00,1780095624.778377,dcs_bios_raw,INT_THROTTLE_LEFT,5662,6055,393,throttle_quadrant_reference,,,S10,,dabca420-1560-45c4-8be5-d1f10ebae00e,e249d452-154c-44dc-a18d-0beb3c9d6af5,e249d452-154c-44dc-a18d-0beb3c9d6af5,19.301162,no,no,mapped_target_without_candidate_step;after_help
P04,with_tutor,T01,3555,2026-05-29T23:00:24.814939+00:00,1780095624.8124301,dcs_bios_raw,INT_THROTTLE_LEFT,6055,6527,472,throttle_quadrant_reference,,,S10,,dabca420-1560-45c4-8be5-d1f10ebae00e,e249d452-154c-44dc-a18d-0beb3c9d6af5,e249d452-154c-44dc-a18d-0beb3c9d6af5,19.335215,no,no,mapped_target_without_candidate_step;after_help
P04,with_tutor,T01,3556,2026-05-29T23:00:24.848492+00:00,1780095624.8454897,dcs_bios_raw,INT_THROTTLE_LEFT,6527,6553,26,throttle_quadrant_reference,,,S10,,dabca420-1560-45c4-8be5-d1f10ebae00e,e249d452-154c-44dc-a18d-0beb3c9d6af5,e249d452-154c-44dc-a18d-0beb3c9d6af5,19.368275,no,no,mapped_target_without_candidate_step;after_help
P04,with_tutor,T01,3997,2026-05-29T23:00:39.832885+00:00,1780095639.830381,dcs_bios_raw,VSI,32767,32766,-1,,,,S15,,dabca420-1560-45c4-8be5-d1f10ebae00e,e249d452-154c-44dc-a18d-0beb3c9d6af5,dabca420-1560-45c4-8be5-d1f10ebae00e,34.353166,no,no,unmapped_raw_key;after_help
P04,with_tutor,T01,4046,2026-05-29T23:00:41.468156+00:00,1780095641.4661636,dcs_bios_raw,VSI,32766,32765,-1,,,,S15,,dabca420-1560-45c4-8be5-d1f10ebae00e,e249d452-154c-44dc-a18d-0beb3c9d6af5,dabca420-1560-45c4-8be5-d1f10ebae00e,35.988949,no,no,unmapped_raw_key;after_help
P04,with_tutor,T01,4048,2026-05-29T23:00:41.536227+00:00,1780095641.5332253,dcs_bios_raw,ENGINE_CRANK_SW,0,1,1,eng_crank_switch,S04;S10,,S15,,dabca420-1560-45c4-8be5-d1f10ebae00e,e249d452-154c-44dc-a18d-0beb3c9d6af5,dabca420-1560-45c4-8be5-d1f10ebae00e,36.05601,no,no,after_help
P04,with_tutor,T01,4079,2026-05-29T23:00:42.583971+00:00,1780095642.579456,dcs_bios_raw,VSI,32765,32766,1,,,,S15,,dabca420-1560-45c4-8be5-d1f10ebae00e,e249d452-154c-44dc-a18d-0beb3c9d6af5,dabca420-1560-45c4-8be5-d1f10ebae00e,37.102241,no,no,unmapped_raw_key;after_help
P04,with_tutor,T01,4103,2026-05-29T23:00:43.383866+00:00,1780095643.381862,dcs_bios_raw,VSI,32766,32767,1,,,,S15,,dabca420-1560-45c4-8be5-d1f10ebae00e,e249d452-154c-44dc-a18d-0beb3c9d6af5,dabca420-1560-45c4-8be5-d1f10ebae00e,37.904647,no,no,unmapped_raw_key;after_help
P04,with_tutor,T01,4125,2026-05-29T23:00:44.125206+00:00,1780095644.1222034,dcs_bios_raw,INS_SW,,1,1,ins_mode_knob,S12,,S15,,dabca420-1560-45c4-8be5-d1f10ebae00e,e249d452-154c-44dc-a18d-0beb3c9d6af5,dabca420-1560-45c4-8be5-d1f10ebae00e,38.644988,no,no,after_help
P04,with_tutor,T01,4131,2026-05-29T23:00:44.333437+00:00,1780095644.331433,dcs_bios_raw,INS_SW,1,2,1,ins_mode_knob,S12,,S15,,dabca420-1560-45c4-8be5-d1f10ebae00e,e249d452-154c-44dc-a18d-0beb3c9d6af5,dabca420-1560-45c4-8be5-d1f10ebae00e,38.854218,no,no,after_help
P04,with_tutor,T01,4177,2026-05-29T23:00:45.886918+00:00,1780095645.8784084,dcs_bios_raw,AMPCD_PB_19,,1,1,ampcd_pb19,S12,,S15,,dabca420-1560-45c4-8be5-d1f10ebae00e,e249d452-154c-44dc-a18d-0beb3c9d6af5,dabca420-1560-45c4-8be5-d1f10ebae00e,40.401193,no,no,after_help
P04,with_tutor,T01,4180,2026-05-29T23:00:45.982541+00:00,1780095645.979038,dcs_bios_raw,AMPCD_PB_19,1,0,-1,ampcd_pb19,S12,,S15,,dabca420-1560-45c4-8be5-d1f10ebae00e,e249d452-154c-44dc-a18d-0beb3c9d6af5,dabca420-1560-45c4-8be5-d1f10ebae00e,40.501823,no,no,after_help
P04,with_tutor,T01,4273,2026-05-29T23:00:49.112304+00:00,1780095649.1098,dcs_bios_raw,RADAR_SW,,1,1,radar_mode_knob,S13,,S15,,dabca420-1560-45c4-8be5-d1f10ebae00e,e249d452-154c-44dc-a18d-0beb3c9d6af5,dabca420-1560-45c4-8be5-d1f10ebae00e,43.632585,no,no,after_help
P04,with_tutor,T01,4278,2026-05-29T23:00:49.279461+00:00,1780095649.2764685,dcs_bios_raw,RADAR_SW,1,2,1,radar_mode_knob,S13,,S15,,dabca420-1560-45c4-8be5-d1f10ebae00e,e249d452-154c-44dc-a18d-0beb3c9d6af5,dabca420-1560-45c4-8be5-d1f10ebae00e,43.799253,no,no,after_help
P04,with_tutor,T01,4331,2026-05-29T23:00:51.088769+00:00,1780095651.0827703,dcs_bios_raw,OBOGS_SW,,1,1,obogs_control_switch,S14,,S15,,dabca420-1560-45c4-8be5-d1f10ebae00e,e249d452-154c-44dc-a18d-0beb3c9d6af5,dabca420-1560-45c4-8be5-d1f10ebae00e,45.605555,no,no,after_help
P04,with_tutor,T01,4666,2026-05-29T23:01:13.240477+00:00,1780095673.235965,dcs_bios_raw,FCS_RESET_BTN,,1,1,fcs_reset_button,S15,,S15,,ec702705-14bd-4bbd-9957-962626f650d1,dabca420-1560-45c4-8be5-d1f10ebae00e,dabca420-1560-45c4-8be5-d1f10ebae00e,6.694201,no,no,after_help
P04,with_tutor,T01,4682,2026-05-29T23:01:13.772723+00:00,1780095673.7697213,dcs_bios_raw,FCS_RESET_BTN,1,0,-1,fcs_reset_button,S15,,S15,,ec702705-14bd-4bbd-9957-962626f650d1,dabca420-1560-45c4-8be5-d1f10ebae00e,dabca420-1560-45c4-8be5-d1f10ebae00e,7.227957,no,no,after_help
P04,with_tutor,T01,4902,2026-05-29T23:01:30.240209+00:00,1780095690.234692,dcs_bios_raw,TO_TRIM_BTN,,1,1,takeoff_trim_button,S17,,S16,,ec702705-14bd-4bbd-9957-962626f650d1,dabca420-1560-45c4-8be5-d1f10ebae00e,ec702705-14bd-4bbd-9957-962626f650d1,23.692928,no,no,after_help
P04,with_tutor,T01,4922,2026-05-29T23:01:30.970730+00:00,1780095690.9687293,dcs_bios_raw,TO_TRIM_BTN,1,0,-1,takeoff_trim_button,S17,,S16,,ec702705-14bd-4bbd-9957-962626f650d1,dabca420-1560-45c4-8be5-d1f10ebae00e,ec702705-14bd-4bbd-9957-962626f650d1,24.426965,no,no,after_help
P04,with_tutor,T01,5100,2026-05-29T23:01:41.958348+00:00,1780095701.95634,dcs_bios_raw,APU_CONTROL_SW,1,0,-1,apu_switch,S03,,S16,,ccdac944-c275-4f6f-b213-9328bcd482ac,ec702705-14bd-4bbd-9957-962626f650d1,ec702705-14bd-4bbd-9957-962626f650d1,5.082958,no,no,after_help
P04,with_tutor,T01,5125,2026-05-29T23:01:43.460214+00:00,1780095703.4562151,dcs_bios_raw,FLAP_SW,,1,1,flap_switch,S16;S27,,S18,,ccdac944-c275-4f6f-b213-9328bcd482ac,ec702705-14bd-4bbd-9957-962626f650d1,ccdac944-c275-4f6f-b213-9328bcd482ac,6.582833,no,no,after_help
P04,with_tutor,T01,5132,2026-05-29T23:01:43.961555+00:00,1780095703.9555464,dcs_bios_raw,FLAP_SW,1,2,1,flap_switch,S16;S27,,S18,,ccdac944-c275-4f6f-b213-9328bcd482ac,ec702705-14bd-4bbd-9957-962626f650d1,ccdac944-c275-4f6f-b213-9328bcd482ac,7.082164,no,no,after_help
P04,with_tutor,T01,5171,2026-05-29T23:01:46.197031+00:00,1780095706.1940234,dcs_bios_raw,RIGHT_DDI_PB_05,,1,1,right_mdi_pb5,S08;S18;S19,,S18,,ccdac944-c275-4f6f-b213-9328bcd482ac,ec702705-14bd-4bbd-9957-962626f650d1,ccdac944-c275-4f6f-b213-9328bcd482ac,9.320641,no,no,after_help
P04,with_tutor,T01,5172,2026-05-29T23:01:46.271170+00:00,1780095706.2661622,dcs_bios_raw,RIGHT_DDI_PB_05,1,0,-1,right_mdi_pb5,S08;S18;S19,,S18,,ccdac944-c275-4f6f-b213-9328bcd482ac,ec702705-14bd-4bbd-9957-962626f650d1,ccdac944-c275-4f6f-b213-9328bcd482ac,9.39278,no,no,after_help
P04,with_tutor,T01,5728,2026-05-29T23:02:24.554266+00:00,1780095744.5512662,dcs_bios_raw,FCS_BIT_SW,,1,1,fcs_bit_switch,S19,,S19,,ebb2a355-712e-4b4e-a57a-6b487ae510b8,73232b25-19b3-487c-b7fe-a607236a8600,73232b25-19b3-487c-b7fe-a607236a8600,20.114917,no,no,after_help
P04,with_tutor,T01,5732,2026-05-29T23:02:24.733564+00:00,1780095744.729038,dcs_bios_raw,RIGHT_DDI_PB_05,0,1,1,right_mdi_pb5,S08;S18;S19,,S19,,ebb2a355-712e-4b4e-a57a-6b487ae510b8,73232b25-19b3-487c-b7fe-a607236a8600,73232b25-19b3-487c-b7fe-a607236a8600,20.292688,no,no,after_help
P04,with_tutor,T01,5734,2026-05-29T23:02:24.804701+00:00,1780095744.8006968,dcs_bios_raw,RIGHT_DDI_PB_05,1,0,-1,right_mdi_pb5,S08;S18;S19,,S19,,ebb2a355-712e-4b4e-a57a-6b487ae510b8,73232b25-19b3-487c-b7fe-a607236a8600,73232b25-19b3-487c-b7fe-a607236a8600,20.364347,no,no,after_help
P04,with_tutor,T01,5760,2026-05-29T23:02:25.737308+00:00,1780095745.7333095,dcs_bios_raw,FCS_BIT_SW,1,0,-1,fcs_bit_switch,S19,,S19,,ebb2a355-712e-4b4e-a57a-6b487ae510b8,73232b25-19b3-487c-b7fe-a607236a8600,73232b25-19b3-487c-b7fe-a607236a8600,21.29696,no,no,after_help
P04,with_tutor,T01,6313,2026-05-29T23:02:57.560856+00:00,1780095777.555862,dcs_bios_raw,PROBE_SW,,2,2,refuel_probe_switch,S20;S21,,S20,,ebb2a355-712e-4b4e-a57a-6b487ae510b8,73232b25-19b3-487c-b7fe-a607236a8600,ebb2a355-712e-4b4e-a57a-6b487ae510b8,53.119512,no,no,after_help
P04,with_tutor,T01,6501,2026-05-29T23:03:05.186682+00:00,1780095785.184671,dcs_bios_raw,PROBE_SW,2,1,-1,refuel_probe_switch,S20;S21,,S20,,ebb2a355-712e-4b4e-a57a-6b487ae510b8,73232b25-19b3-487c-b7fe-a607236a8600,ebb2a355-712e-4b4e-a57a-6b487ae510b8,60.748321,no,no,after_help
P04,with_tutor,T01,6668,2026-05-29T23:03:11.408183+00:00,1780095791.4041817,dcs_bios_raw,LAUNCH_BAR_SW,,1,1,launch_bar_switch,S22;S23,,S20,,ebb2a355-712e-4b4e-a57a-6b487ae510b8,73232b25-19b3-487c-b7fe-a607236a8600,ebb2a355-712e-4b4e-a57a-6b487ae510b8,66.967832,no,no,after_help
P04,with_tutor,T01,6720,2026-05-29T23:03:14.919949+00:00,1780095794.9159572,dcs_bios_raw,LAUNCH_BAR_SW,1,0,-1,launch_bar_switch,S22;S23,,S20,,ebb2a355-712e-4b4e-a57a-6b487ae510b8,73232b25-19b3-487c-b7fe-a607236a8600,ebb2a355-712e-4b4e-a57a-6b487ae510b8,70.479608,no,no,after_help
P04,with_tutor,T01,6757,2026-05-29T23:03:17.639239+00:00,1780095797.634231,dcs_bios_raw,HOOK_LEVER,,0,0,arresting_hook_handle,S24;S25,,S20,,ebb2a355-712e-4b4e-a57a-6b487ae510b8,73232b25-19b3-487c-b7fe-a607236a8600,ebb2a355-712e-4b4e-a57a-6b487ae510b8,73.197881,no,no,after_help
P04,with_tutor,T01,6881,2026-05-29T23:03:22.434264+00:00,1780095802.432257,dcs_bios_raw,HOOK_LEVER,0,1,1,arresting_hook_handle,S24;S25,,S20,,ebb2a355-712e-4b4e-a57a-6b487ae510b8,73232b25-19b3-487c-b7fe-a607236a8600,ebb2a355-712e-4b4e-a57a-6b487ae510b8,77.995907,no,no,after_help
P04,with_tutor,T01,7196,2026-05-29T23:03:39.291905+00:00,1780095819.288401,dcs_bios_raw,PROBE_SW,1,2,1,refuel_probe_switch,S20;S21,,S20,,a47248f8-28ad-48e1-9a63-eea710fb6709,ebb2a355-712e-4b4e-a57a-6b487ae510b8,ebb2a355-712e-4b4e-a57a-6b487ae510b8,7.060093,no,no,after_help
P04,with_tutor,T01,7378,2026-05-29T23:03:45.822981+00:00,1780095825.819454,dcs_bios_raw,PROBE_SW,2,1,-1,refuel_probe_switch,S20;S21,,S22,,a47248f8-28ad-48e1-9a63-eea710fb6709,ebb2a355-712e-4b4e-a57a-6b487ae510b8,a47248f8-28ad-48e1-9a63-eea710fb6709,13.591146,no,no,after_help
P04,with_tutor,T01,7646,2026-05-29T23:03:59.309138+00:00,1780095839.3056204,dcs_bios_raw,LAUNCH_BAR_SW,0,1,1,launch_bar_switch,S22;S23,,S22,,9dc8dde8-a76f-4d67-9ea7-6a65975ac8a3,a47248f8-28ad-48e1-9a63-eea710fb6709,a47248f8-28ad-48e1-9a63-eea710fb6709,7.961538,no,no,after_help
P04,with_tutor,T01,7667,2026-05-29T23:04:00.895199+00:00,1780095840.8922057,dcs_bios_raw,HOOK_LEVER,1,0,-1,arresting_hook_handle,S24;S25,,S24,,9dc8dde8-a76f-4d67-9ea7-6a65975ac8a3,a47248f8-28ad-48e1-9a63-eea710fb6709,9dc8dde8-a76f-4d67-9ea7-6a65975ac8a3,9.548123,no,no,after_help
P04,with_tutor,T01,7719,2026-05-29T23:04:02.760181+00:00,1780095842.75717,dcs_bios_raw,LAUNCH_BAR_SW,1,0,-1,launch_bar_switch,S22;S23,,S24,,9dc8dde8-a76f-4d67-9ea7-6a65975ac8a3,a47248f8-28ad-48e1-9a63-eea710fb6709,9dc8dde8-a76f-4d67-9ea7-6a65975ac8a3,11.413088,no,no,after_help
P04,with_tutor,T01,7771,2026-05-29T23:04:04.603763+00:00,1780095844.6007617,dcs_bios_raw,HOOK_LEVER,0,1,1,arresting_hook_handle,S24;S25,,S24,,9dc8dde8-a76f-4d67-9ea7-6a65975ac8a3,a47248f8-28ad-48e1-9a63-eea710fb6709,9dc8dde8-a76f-4d67-9ea7-6a65975ac8a3,13.256679,no,no,after_help
P04,with_tutor,T01,8012,2026-05-29T23:04:16.416249+00:00,1780095856.4117517,dcs_bios_raw,HOOK_LEVER,1,0,-1,arresting_hook_handle,S24;S25,,S24,,01ea1605-3564-45b7-a3ab-1229b784d4bb,9dc8dde8-a76f-4d67-9ea7-6a65975ac8a3,9dc8dde8-a76f-4d67-9ea7-6a65975ac8a3,7.412636,no,no,after_help
P04,with_tutor,T01,8161,2026-05-29T23:04:22.816581+00:00,1780095862.8130505,dcs_bios_raw,HOOK_LEVER,0,1,1,arresting_hook_handle,S24;S25,,S26,,01ea1605-3564-45b7-a3ab-1229b784d4bb,9dc8dde8-a76f-4d67-9ea7-6a65975ac8a3,01ea1605-3564-45b7-a3ab-1229b784d4bb,13.813935,no,no,after_help
P04,with_tutor,T01,8444,2026-05-29T23:04:35.251849+00:00,1780095875.248857,dcs_bios_raw,PITOT_HEAT_SW,,1,1,pitot_heater_switch,S26,,S28,,107c398b-0546-45cd-a1ca-2953f32c65c6,01ea1605-3564-45b7-a3ab-1229b784d4bb,107c398b-0546-45cd-a1ca-2953f32c65c6,5.914876,no,no,after_help
P04,with_tutor,T01,8563,2026-05-29T23:04:44.287607+00:00,1780095884.284602,dcs_bios_raw,EMERGENCY_PARKING_BRAKE_PULL,,0,0,parking_brake_handle,S28,,S28,,6060f391-ec27-4c37-8d64-b6df9418255b,107c398b-0546-45cd-a1ca-2953f32c65c6,107c398b-0546-45cd-a1ca-2953f32c65c6,7.560194,no,no,after_help
P04,with_tutor,T01,8566,2026-05-29T23:04:44.387242+00:00,1780095884.385243,dcs_bios_raw,EMERGENCY_PARKING_BRAKE_ROTATE,,0,0,parking_brake_handle,S28,,S28,,6060f391-ec27-4c37-8d64-b6df9418255b,107c398b-0546-45cd-a1ca-2953f32c65c6,107c398b-0546-45cd-a1ca-2953f32c65c6,7.660835,no,no,after_help
P04,with_tutor,T01,8607,2026-05-29T23:04:45.910253+00:00,1780095885.9082534,dcs_bios_raw,RADALT_MIN_HEIGHT_PTR,,677,677,radar_altimeter_bug_knob,S31,,S29,,6060f391-ec27-4c37-8d64-b6df9418255b,107c398b-0546-45cd-a1ca-2953f32c65c6,6060f391-ec27-4c37-8d64-b6df9418255b,9.183846,no,no,after_help
P04,with_tutor,T01,8608,2026-05-29T23:04:45.950308+00:00,1780095885.947309,dcs_bios_raw,RADALT_MIN_HEIGHT_PTR,677,1015,338,radar_altimeter_bug_knob,S31,,S29,,6060f391-ec27-4c37-8d64-b6df9418255b,107c398b-0546-45cd-a1ca-2953f32c65c6,6060f391-ec27-4c37-8d64-b6df9418255b,9.222901,no,no,after_help
P04,with_tutor,T01,8615,2026-05-29T23:04:46.567158+00:00,1780095886.5641584,dcs_bios_raw,RADALT_MIN_HEIGHT_PTR,1015,2031,1016,radar_altimeter_bug_knob,S31,,S29,,6060f391-ec27-4c37-8d64-b6df9418255b,107c398b-0546-45cd-a1ca-2953f32c65c6,6060f391-ec27-4c37-8d64-b6df9418255b,9.839751,no,no,after_help
P04,with_tutor,T01,8616,2026-05-29T23:04:46.600695+00:00,1780095886.5986953,dcs_bios_raw,RADALT_MIN_HEIGHT_PTR,2031,3002,971,radar_altimeter_bug_knob,S31,,S29,,6060f391-ec27-4c37-8d64-b6df9418255b,107c398b-0546-45cd-a1ca-2953f32c65c6,6060f391-ec27-4c37-8d64-b6df9418255b,9.874287,no,no,after_help
P04,with_tutor,T01,8617,2026-05-29T23:04:46.636239+00:00,1780095886.6312249,dcs_bios_raw,RADALT_MIN_HEIGHT_PTR,3002,3973,971,radar_altimeter_bug_knob,S31,,S29,,6060f391-ec27-4c37-8d64-b6df9418255b,107c398b-0546-45cd-a1ca-2953f32c65c6,6060f391-ec27-4c37-8d64-b6df9418255b,9.906817,no,no,after_help
P04,with_tutor,T01,8618,2026-05-29T23:04:46.673290+00:00,1780095886.669773,dcs_bios_raw,RADALT_MIN_HEIGHT_PTR,3973,4621,648,radar_altimeter_bug_knob,S31,,S29,,6060f391-ec27-4c37-8d64-b6df9418255b,107c398b-0546-45cd-a1ca-2953f32c65c6,6060f391-ec27-4c37-8d64-b6df9418255b,9.945365,no,no,after_help
P04,with_tutor,T01,8619,2026-05-29T23:04:46.709362+00:00,1780095886.7063546,dcs_bios_raw,RADALT_MIN_HEIGHT_PTR,4621,5592,971,radar_altimeter_bug_knob,S31,,S29,,6060f391-ec27-4c37-8d64-b6df9418255b,107c398b-0546-45cd-a1ca-2953f32c65c6,6060f391-ec27-4c37-8d64-b6df9418255b,9.981947,no,no,after_help
P04,with_tutor,T01,8620,2026-05-29T23:04:46.748432+00:00,1780095886.744441,dcs_bios_raw,RADALT_MIN_HEIGHT_PTR,5592,6563,971,radar_altimeter_bug_knob,S31,,S29,,6060f391-ec27-4c37-8d64-b6df9418255b,107c398b-0546-45cd-a1ca-2953f32c65c6,6060f391-ec27-4c37-8d64-b6df9418255b,10.020033,no,no,after_help
P04,with_tutor,T01,8621,2026-05-29T23:04:46.785473+00:00,1780095886.7834733,dcs_bios_raw,RADALT_MIN_HEIGHT_PTR,6563,7211,648,radar_altimeter_bug_knob,S31,,S29,,6060f391-ec27-4c37-8d64-b6df9418255b,107c398b-0546-45cd-a1ca-2953f32c65c6,6060f391-ec27-4c37-8d64-b6df9418255b,10.059065,no,no,after_help
P04,with_tutor,T01,8622,2026-05-29T23:04:46.825037+00:00,1780095886.8220315,dcs_bios_raw,RADALT_MIN_HEIGHT_PTR,7211,7858,647,radar_altimeter_bug_knob,S31,,S29,,6060f391-ec27-4c37-8d64-b6df9418255b,107c398b-0546-45cd-a1ca-2953f32c65c6,6060f391-ec27-4c37-8d64-b6df9418255b,10.097624,no,no,after_help
P04,with_tutor,T01,8623,2026-05-29T23:04:46.858590+00:00,1780095886.8555896,dcs_bios_raw,RADALT_MIN_HEIGHT_PTR,7858,8829,971,radar_altimeter_bug_knob,S31,,S29,,6060f391-ec27-4c37-8d64-b6df9418255b,107c398b-0546-45cd-a1ca-2953f32c65c6,6060f391-ec27-4c37-8d64-b6df9418255b,10.131182,no,no,after_help
P04,with_tutor,T01,8625,2026-05-29T23:04:46.923691+00:00,1780095886.921174,dcs_bios_raw,RADALT_MIN_HEIGHT_PTR,8829,9153,324,radar_altimeter_bug_knob,S31,,S29,,6060f391-ec27-4c37-8d64-b6df9418255b,107c398b-0546-45cd-a1ca-2953f32c65c6,6060f391-ec27-4c37-8d64-b6df9418255b,10.196766,no,no,after_help
P04,with_tutor,T01,8626,2026-05-29T23:04:46.957226+00:00,1780095886.9542258,dcs_bios_raw,RADALT_MIN_HEIGHT_PTR,9153,10124,971,radar_altimeter_bug_knob,S31,,S29,,6060f391-ec27-4c37-8d64-b6df9418255b,107c398b-0546-45cd-a1ca-2953f32c65c6,6060f391-ec27-4c37-8d64-b6df9418255b,10.229818,no,no,after_help
P04,with_tutor,T01,8627,2026-05-29T23:04:46.995285+00:00,1780095886.9922838,dcs_bios_raw,RADALT_MIN_HEIGHT_PTR,10124,11095,971,radar_altimeter_bug_knob,S31,,S29,,6060f391-ec27-4c37-8d64-b6df9418255b,107c398b-0546-45cd-a1ca-2953f32c65c6,6060f391-ec27-4c37-8d64-b6df9418255b,10.267876,no,no,after_help
P04,with_tutor,T01,8628,2026-05-29T23:04:47.035836+00:00,1780095887.0313196,dcs_bios_raw,RADALT_MIN_HEIGHT_PTR,11095,12067,972,radar_altimeter_bug_knob,S31,,S29,,6060f391-ec27-4c37-8d64-b6df9418255b,107c398b-0546-45cd-a1ca-2953f32c65c6,6060f391-ec27-4c37-8d64-b6df9418255b,10.306912,no,no,after_help
P04,with_tutor,T01,8629,2026-05-29T23:04:47.067373+00:00,1780095887.0643735,dcs_bios_raw,RADALT_MIN_HEIGHT_PTR,12067,13038,971,radar_altimeter_bug_knob,S31,,S29,,6060f391-ec27-4c37-8d64-b6df9418255b,107c398b-0546-45cd-a1ca-2953f32c65c6,6060f391-ec27-4c37-8d64-b6df9418255b,10.339966,no,no,after_help
P04,with_tutor,T01,8630,2026-05-29T23:04:47.108935+00:00,1780095887.103439,dcs_bios_raw,RADALT_MIN_HEIGHT_PTR,13038,13685,647,radar_altimeter_bug_knob,S31,,S29,,6060f391-ec27-4c37-8d64-b6df9418255b,107c398b-0546-45cd-a1ca-2953f32c65c6,6060f391-ec27-4c37-8d64-b6df9418255b,10.379031,no,no,after_help
P04,with_tutor,T01,8631,2026-05-29T23:04:47.139486+00:00,1780095887.136487,dcs_bios_raw,RADALT_MIN_HEIGHT_PTR,13685,14656,971,radar_altimeter_bug_knob,S31,,S29,,6060f391-ec27-4c37-8d64-b6df9418255b,107c398b-0546-45cd-a1ca-2953f32c65c6,6060f391-ec27-4c37-8d64-b6df9418255b,10.412079,no,no,after_help
P04,with_tutor,T01,8632,2026-05-29T23:04:47.173542+00:00,1780095887.170021,dcs_bios_raw,RADALT_MIN_HEIGHT_PTR,14656,15304,648,radar_altimeter_bug_knob,S31,,S29,,6060f391-ec27-4c37-8d64-b6df9418255b,107c398b-0546-45cd-a1ca-2953f32c65c6,6060f391-ec27-4c37-8d64-b6df9418255b,10.445613,no,no,after_help
P04,with_tutor,T01,8633,2026-05-29T23:04:47.213101+00:00,1780095887.2095957,dcs_bios_raw,RADALT_MIN_HEIGHT_PTR,15304,16275,971,radar_altimeter_bug_knob,S31,,S29,,6060f391-ec27-4c37-8d64-b6df9418255b,107c398b-0546-45cd-a1ca-2953f32c65c6,6060f391-ec27-4c37-8d64-b6df9418255b,10.485188,no,no,after_help
P04,with_tutor,T01,8634,2026-05-29T23:04:47.246638+00:00,1780095887.2426364,dcs_bios_raw,RADALT_MIN_HEIGHT_PTR,16275,16923,648,radar_altimeter_bug_knob,S31,,S29,,6060f391-ec27-4c37-8d64-b6df9418255b,107c398b-0546-45cd-a1ca-2953f32c65c6,6060f391-ec27-4c37-8d64-b6df9418255b,10.518229,no,no,after_help
P04,with_tutor,T01,8635,2026-05-29T23:04:47.284708+00:00,1780095887.281693,dcs_bios_raw,RADALT_MIN_HEIGHT_PTR,16923,17246,323,radar_altimeter_bug_knob,S31,,S29,,6060f391-ec27-4c37-8d64-b6df9418255b,107c398b-0546-45cd-a1ca-2953f32c65c6,6060f391-ec27-4c37-8d64-b6df9418255b,10.557285,no,no,after_help
P04,with_tutor,T01,8637,2026-05-29T23:04:47.350323+00:00,1780095887.3483162,dcs_bios_raw,RADALT_MIN_HEIGHT_PTR,17246,17894,648,radar_altimeter_bug_knob,S31,,S29,,6060f391-ec27-4c37-8d64-b6df9418255b,107c398b-0546-45cd-a1ca-2953f32c65c6,6060f391-ec27-4c37-8d64-b6df9418255b,10.623908,no,no,after_help
P04,with_tutor,T01,8638,2026-05-29T23:04:47.383357+00:00,1780095887.3813524,dcs_bios_raw,RADALT_MIN_HEIGHT_PTR,17894,18541,647,radar_altimeter_bug_knob,S31,,S29,,6060f391-ec27-4c37-8d64-b6df9418255b,107c398b-0546-45cd-a1ca-2953f32c65c6,6060f391-ec27-4c37-8d64-b6df9418255b,10.656945,no,no,after_help
P04,with_tutor,T01,8647,2026-05-29T23:04:48.065254+00:00,1780095888.0595927,dcs_bios_raw,RADALT_MIN_HEIGHT_PTR,18541,18217,-324,radar_altimeter_bug_knob,S31,,S29,,6060f391-ec27-4c37-8d64-b6df9418255b,107c398b-0546-45cd-a1ca-2953f32c65c6,6060f391-ec27-4c37-8d64-b6df9418255b,11.335185,no,no,after_help
P04,with_tutor,T01,8665,2026-05-29T23:04:49.456105+00:00,1780095889.4541059,dcs_bios_raw,RADALT_MIN_HEIGHT_PTR,18217,18541,324,radar_altimeter_bug_knob,S31,,S29,,6060f391-ec27-4c37-8d64-b6df9418255b,107c398b-0546-45cd-a1ca-2953f32c65c6,6060f391-ec27-4c37-8d64-b6df9418255b,12.729698,no,no,after_help
P04,with_tutor,T01,8667,2026-05-29T23:04:49.528714+00:00,1780095889.5257215,dcs_bios_raw,RADALT_MIN_HEIGHT_PTR,18541,18865,324,radar_altimeter_bug_knob,S31,,S29,,6060f391-ec27-4c37-8d64-b6df9418255b,107c398b-0546-45cd-a1ca-2953f32c65c6,6060f391-ec27-4c37-8d64-b6df9418255b,12.801314,no,no,after_help
P04,with_tutor,T01,8680,2026-05-29T23:04:50.726941+00:00,1780095890.723942,dcs_bios_raw,SAI_CAGE,,0,0,standby_attitude_cage_knob,S32,,S29,,6060f391-ec27-4c37-8d64-b6df9418255b,107c398b-0546-45cd-a1ca-2953f32c65c6,6060f391-ec27-4c37-8d64-b6df9418255b,13.999534,no,no,after_help
P04,with_tutor,T01,8863,2026-05-29T23:05:01.675231+00:00,1780095901.6677155,dcs_bios_raw,IFEI_UP_BTN,,1,1,ifei_up_button,S29,,S33,,aff49c66-4d6d-46aa-a3ef-bf62f75aa595,6060f391-ec27-4c37-8d64-b6df9418255b,aff49c66-4d6d-46aa-a3ef-bf62f75aa595,7.321669,no,no,after_help
P04,with_tutor,T01,8864,2026-05-29T23:05:01.775915+00:00,1780095901.7739165,dcs_bios_raw,IFEI_UP_BTN,1,0,-1,ifei_up_button,S29,,S33,,aff49c66-4d6d-46aa-a3ef-bf62f75aa595,6060f391-ec27-4c37-8d64-b6df9418255b,aff49c66-4d6d-46aa-a3ef-bf62f75aa595,7.42787,no,no,after_help
P04,with_tutor,T01,8865,2026-05-29T23:05:01.914642+00:00,1780095901.912642,dcs_bios_raw,IFEI_UP_BTN,0,1,1,ifei_up_button,S29,,S33,,aff49c66-4d6d-46aa-a3ef-bf62f75aa595,6060f391-ec27-4c37-8d64-b6df9418255b,aff49c66-4d6d-46aa-a3ef-bf62f75aa595,7.566596,no,no,after_help
P04,with_tutor,T01,8866,2026-05-29T23:05:02.026316+00:00,1780095902.023815,dcs_bios_raw,IFEI_UP_BTN,1,0,-1,ifei_up_button,S29,,S33,,aff49c66-4d6d-46aa-a3ef-bf62f75aa595,6060f391-ec27-4c37-8d64-b6df9418255b,aff49c66-4d6d-46aa-a3ef-bf62f75aa595,7.677768,no,no,after_help
P04,with_tutor,T01,8867,2026-05-29T23:05:02.100405+00:00,1780095902.09591,dcs_bios_raw,IFEI_UP_BTN,0,1,1,ifei_up_button,S29,,S33,,aff49c66-4d6d-46aa-a3ef-bf62f75aa595,6060f391-ec27-4c37-8d64-b6df9418255b,aff49c66-4d6d-46aa-a3ef-bf62f75aa595,7.749864,no,no,after_help
P04,with_tutor,T01,8869,2026-05-29T23:05:02.170532+00:00,1780095902.1680138,dcs_bios_raw,IFEI_UP_BTN,1,0,-1,ifei_up_button,S29,,S33,,aff49c66-4d6d-46aa-a3ef-bf62f75aa595,6060f391-ec27-4c37-8d64-b6df9418255b,aff49c66-4d6d-46aa-a3ef-bf62f75aa595,7.821967,no,no,after_help
P04,with_tutor,T01,8870,2026-05-29T23:05:02.238131+00:00,1780095902.235131,dcs_bios_raw,IFEI_UP_BTN,0,1,1,ifei_up_button,S29,,S33,,aff49c66-4d6d-46aa-a3ef-bf62f75aa595,6060f391-ec27-4c37-8d64-b6df9418255b,aff49c66-4d6d-46aa-a3ef-bf62f75aa595,7.889085,no,no,after_help
P04,with_tutor,T01,8871,2026-05-29T23:05:02.348304+00:00,1780095902.3463044,dcs_bios_raw,IFEI_UP_BTN,1,0,-1,ifei_up_button,S29,,S33,,aff49c66-4d6d-46aa-a3ef-bf62f75aa595,6060f391-ec27-4c37-8d64-b6df9418255b,aff49c66-4d6d-46aa-a3ef-bf62f75aa595,8.000258,no,no,after_help
P04,with_tutor,T01,8872,2026-05-29T23:05:02.414896+00:00,1780095902.4128873,dcs_bios_raw,IFEI_UP_BTN,0,1,1,ifei_up_button,S29,,S33,,aff49c66-4d6d-46aa-a3ef-bf62f75aa595,6060f391-ec27-4c37-8d64-b6df9418255b,aff49c66-4d6d-46aa-a3ef-bf62f75aa595,8.066841,no,no,after_help
P04,with_tutor,T01,8873,2026-05-29T23:05:02.486995+00:00,1780095902.48499,dcs_bios_raw,IFEI_UP_BTN,1,0,-1,ifei_up_button,S29,,S33,,aff49c66-4d6d-46aa-a3ef-bf62f75aa595,6060f391-ec27-4c37-8d64-b6df9418255b,aff49c66-4d6d-46aa-a3ef-bf62f75aa595,8.138943,no,no,after_help
