ParticipantID,Condition,TrialID,StepID,StepTitle,Phase,Critical,Performed,Completed,FirstHelpTime_sec,HelpCount,FirstOverlayTargets,LastOverlayTargets,FirstFusedStepID,LastFusedStepID,EvidenceRefs,Auto_Error_OM,Auto_Error_CO,Auto_Error_OR,Auto_Error_PA,Auto_Error_SV,AutoConfidence,AutoEvidenceRefs,NeedsHumanReview,Error_OM,Error_CO,Error_OR,Error_PA,Error_SV,CoderID,CoderNotes,AutoCodingNotes
P07,without_tutor,T01,S01,BATTERY switch ON. Left/Right GEN switches in NORM/ON.,P1,yes,yes,yes,,0,,,,,passive_gate:S01:s01_requires_battery_on;telemetry_var:vars.battery_on;passive_gate:S01:s01_requires_l_gen_on;telemetry_var:vars.l_gen_on;passive_gate:S01:s01_requires_r_gen_on;telemetry_var:vars.r_gen_on;action:BATTERY_SW,0,0,0,0,0,,,no,0,0,0,0,0,CodexTelemetryReview,Battery and both generator switches reached the required state; no error coded.,human_error_columns_blank;completed_from_passive_gate
P07,without_tutor,T01,S02,Fire test A completed with correct aural/visual indications. Fire test B completed after ~10s pause.,P1,yes,no,no,,0,,,,,,1,0,0,0,0,high,om:not_completed,yes,0,0,0,0,0,CodexTelemetryReview,"fire_test_complete became true while fire_test_a_complete/fire_test_b_complete were internally inconsistent. Following the manual fire-test policy, raw A/B latch timing is not used for order or omission coding; no user error coded.",human_error_columns_blank;no_step_evidence_found
P07,without_tutor,T01,S03,APU switch ON. APU READY light illuminated.,P1,yes,yes,yes,,0,,,,,passive_gate:S03:s03_requires_apu_start_support_complete;telemetry_var:vars.apu_start_support_complete,0,0,0,0,0,,,no,0,0,0,0,0,CodexTelemetryReview,APU start-support completion was observed; no error coded.,human_error_columns_blank;completed_from_passive_gate
P07,without_tutor,T01,S04,ENG CRANK switch set to RIGHT; right engine spool-up observed.,P2,yes,yes,yes,,0,,,,,passive_gate:S04:s04_requires_engine_crank_right;telemetry_var:vars.engine_crank_right_complete;action:ENGINE_CRANK_SW,0,0,1,0,1,medium,action:1:precondition_gate:s04_requires_apu_start_support_complete;action:1:out_of_order_before:S03,yes,0,0,0,0,0,CodexTelemetryReview,Right engine crank was performed after APU support. Ignored auto OR/SV from initial/default first-frame engine-crank state.,human_error_columns_blank;completed_from_passive_gate
P07,without_tutor,T01,S05,Right throttle at IDLE. Throttle moved when RPM >=25%.,P2,yes,yes,yes,,0,,,,,passive_gate:S05:s05_requires_rpm_r_gte_25;telemetry_var:vars.rpm_r;passive_gate:S05:s05_requires_throttle_right_idle;telemetry_var:vars.throttle_r_idle_complete,0,0,0,0,0,,,no,0,0,0,0,0,CodexTelemetryReview,Right RPM >=25% and right throttle idle evidence were observed; no error coded.,human_error_columns_blank;completed_from_passive_gate
P07,without_tutor,T01,S06,BLEED AIR knob rotated full clockwise back to NORM.,P2,no,yes,yes,,0,,,,,passive_gate:S06:s06_requires_bleed_air_norm;telemetry_var:vars.bleed_air_cycle_complete;action:BLEED_AIR_KNOB,0,0,0,0,0,,,no,0,0,0,0,0,CodexTelemetryReview,Bleed-air knob cycle completed and ended in NORM; no error coded.,human_error_columns_blank;completed_from_passive_gate
P07,without_tutor,T01,S07,Light test executed with all annunciators verified.,P2,no,yes,yes,,0,,,,,passive_gate:S07:s07_requires_lights_test;telemetry_var:vars.lights_test_complete;action:LIGHTS_TEST_SW,0,0,0,0,0,,,no,0,0,0,0,0,CodexTelemetryReview,Lights test switch activity and lights_test_complete evidence were observed; no error coded.,human_error_columns_blank;completed_from_passive_gate
P07,without_tutor,T01,S08,Left DDI shows FCS page; right DDI shows BIT page. MPCD and HUD powered.,P3,no,yes,yes,,0,,,,,passive_gate:S08:s08_requires_left_ddi_on;telemetry_var:vars.left_ddi_on;passive_gate:S08:s08_requires_right_ddi_on;telemetry_var:vars.right_ddi_on;passive_gate:S08:s08_requires_mpcd_on;telemetry_var:vars.mpcd_on;passive_gate:S08:s08_requires_hud_on;telemetry_var:vars.hud_on;action:AMPCD_BRT_CTL,0,0,0,0,0,,,no,0,0,0,0,0,CodexTelemetryReview,"Left/right DDI, AMPCD, and HUD brightness/power actions were observed; no error coded.",human_error_columns_blank;completed_from_passive_gate
P07,without_tutor,T01,S09,COMM1 preset 1 frequency programmed to 134.000 MHz.,P3,no,no,no,,0,,,,,,1,0,1,0,1,high,om:not_completed;action:1602:precondition_gate:s09_requires_left_ddi_on;action:1602:out_of_order_before:S08,yes,1,0,0,0,0,CodexTelemetryReview,COMM1 134.000 MHz was not entered: final comm1_freq_134_000=false and no UFC 1-3-4-0-0-0/ENT sequence was observed. Raw COMM1_CHANNEL_NUMERIC=1 is treated as insufficient and not coded as an order error.,human_error_columns_blank;no_step_evidence_found
P07,without_tutor,T01,S10,ENG CRANK switch set to LEFT; left engine spool-up observed.,P4,yes,yes,yes,,0,,,,,passive_gate:S10:s10_requires_engine_crank_left_complete;telemetry_var:vars.engine_crank_left_complete,0,0,0,0,1,medium,action:1:precondition_gate:s10_requires_right_engine_nominal_start_params;action:698:precondition_gate:s10_requires_right_engine_nominal_start_params;action:1603:precondition_gate:s10_requires_right_engine_nominal_start_params,yes,0,0,0,0,0,CodexTelemetryReview,Left engine crank was later performed and engine_crank_left_complete became true. Ignored auto SV from initial/default crank state.,human_error_columns_blank;completed_from_passive_gate
P07,without_tutor,T01,S11,Left throttle moved from OFF to IDLE when RPM >=25%.,P4,yes,yes,yes,,0,,,,,passive_gate:S11:s11_requires_rpm_l_gte_25;telemetry_var:vars.rpm_l;passive_gate:S11:s11_requires_throttle_l_not_off;telemetry_var:vars.throttle_l_not_off,0,0,0,0,0,,,no,0,0,0,0,0,CodexTelemetryReview,Left RPM >=25% and left throttle not-off/idle-ready evidence were observed; no error coded.,human_error_columns_blank;completed_from_passive_gate
P07,without_tutor,T01,S12,INS knob set to GND (airfield) or CV (carrier).,P4,yes,no,no,,0,,,,,,1,0,0,0,0,high,om:not_completed,yes,1,0,0,0,0,CodexTelemetryReview,"INS mode was moved to an accepted CV/GND state, but AMPCD PB19/fast-align completion was not observed; coded omission of the quick-align confirmation step.",human_error_columns_blank;no_step_evidence_found
P07,without_tutor,T01,S13,Radar knob in OPR and radar power online.,P4,yes,no,no,,0,,,,,,1,0,0,0,0,high,om:not_completed,yes,1,0,0,0,0,CodexTelemetryReview,Radar knob never reached OPR/radar_on state; coded omission.,human_error_columns_blank;no_step_evidence_found
P07,without_tutor,T01,S14,OBOGS control and FLOW switches confirmed ON.,P4,yes,yes,yes,,0,,,,,passive_gate:S14:s14_requires_obogs_ready;telemetry_var:vars.obogs_ready;action:OBOGS_SW,0,0,1,0,1,medium,action:3508:precondition_gate:s14_requires_radar_mode_opr;action:3508:out_of_order_before:S13,yes,0,0,0,0,0,CodexTelemetryReview,OBOGS was switched ON and obogs_ready became true. Earlier radar omission is coded on S13 and not double-counted here.,human_error_columns_blank;completed_from_passive_gate
P07,without_tutor,T01,S15,FCS RESET manually pressed. FCS page brought up and reviewed for faults.,P5,yes,yes,yes,,0,,,,,passive_gate:S15:s15_requires_fcs_reset_complete;telemetry_var:vars.fcs_reset_complete;action:FCS_RESET_BTN,0,0,0,0,0,,,no,0,0,0,0,0,CodexTelemetryReview,FCS reset button press/release was observed and fcs_reset_complete became true; no error coded.,human_error_columns_blank;completed_from_passive_gate
P07,without_tutor,T01,S16,Flap switch confirmed in AUTO.,P5,yes,no,no,,0,,,,,,1,0,0,0,0,high,om:not_completed,yes,1,0,0,0,0,CodexTelemetryReview,Flap AUTO confirmation was not satisfied; final flap_auto=false/flap_full=true. Coded omission.,human_error_columns_blank;no_step_evidence_found
P07,without_tutor,T01,S17,TAKEOFF TRIM button pressed and trim set.,P5,yes,no,no,,0,,,,,,1,0,0,0,0,high,om:not_completed,yes,1,0,0,0,0,CodexTelemetryReview,TAKEOFF TRIM button press and takeoff_trim_set evidence were not observed; coded omission.,human_error_columns_blank;no_step_evidence_found
P07,without_tutor,T01,S18,Right DDI advanced from BIT root page to the FCS-MC BIT page.,P5,yes,no,no,,0,,,,,,0,0,0,0,0,,manual_review:visual_step_without_passive_evidence,yes,0,0,0,0,0,CodexTelemetryReview,"Right DDI PB5 was pressed after FCS reset/display setup, so no user omission is coded from telemetry. Passive run has no VLM confirmation of the FCS-MC page transition.",human_error_columns_blank;no_step_evidence_found;visual_step_requires_manual_review
P07,without_tutor,T01,S19,FCS BIT final GO result reviewed on the FCS-MC page.,P5,yes,no,no,,0,,,,,,0,0,0,0,0,,manual_review:visual_step_without_passive_evidence,yes,0,0,0,0,0,CodexTelemetryReview,"Telemetry shows FCS BIT switch-up plus right DDI PB5 sequence and release. Final FCS-MC GO cannot be visually confirmed in passive mode, but no user omission is coded.",human_error_columns_blank;no_step_evidence_found;visual_step_requires_manual_review
P07,without_tutor,T01,S20,Refueling probe fully extended.,P5,yes,yes,yes,,0,,,,,passive_gate:S20:s20_requires_probe_extended;telemetry_var:vars.ext_refuel_probe_value,0,0,1,0,1,medium,action:4193:precondition_gate:s20_requires_radar_mode_opr;action:4193:out_of_order_before:S13;action:4423:precondition_gate:s20_requires_radar_mode_opr;action:4423:out_of_order_before:S13,yes,0,0,0,0,0,CodexTelemetryReview,Refueling probe extension was observed during the four-down check; no error coded.,human_error_columns_blank;completed_from_passive_gate
P07,without_tutor,T01,S21,Refueling probe fully retracted.,P5,yes,yes,yes,,0,,,,,passive_gate:S21:s21_requires_probe_retracted;telemetry_var:vars.ext_refuel_probe_value,0,0,1,0,1,medium,action:4193:precondition_gate:s21_requires_radar_mode_opr;action:4193:out_of_order_before:S13;action:4423:precondition_gate:s21_requires_radar_mode_opr;action:4423:out_of_order_before:S13,yes,0,0,0,0,0,CodexTelemetryReview,Refueling probe retraction was observed and final probe_retracted=true; no error coded.,human_error_columns_blank;completed_from_passive_gate
P07,without_tutor,T01,S22,Launch bar extended.,P5,yes,no,no,,0,,,,,,1,0,0,1,0,high,"om:not_completed;pa:vars.launch_bar_switch_value=0 not_in:[1,1]",yes,1,0,0,0,0,CodexTelemetryReview,"Launch bar extension was not observed; final launch_bar_extended=false. Coded omission, not PA, because there is no evidence of a wrong launch-bar setting action.",human_error_columns_blank;no_step_evidence_found
P07,without_tutor,T01,S23,Launch bar retracted.,P5,yes,yes,yes,,0,,,,,passive_gate:S23:s23_requires_launch_bar_retracted;telemetry_var:vars.launch_bar_switch_value,0,0,0,0,0,,,no,0,0,0,0,0,CodexTelemetryReview,"Launch bar ended retracted/default. Because S22 extension was omitted, no separate retraction error is double-counted.",human_error_columns_blank;completed_from_passive_gate
P07,without_tutor,T01,S24,Arresting hook lowered.,P5,yes,yes,yes,,0,,,,,passive_gate:S24:s24_requires_hook_down;telemetry_var:vars.hook_handle_value;action:HOOK_LEVER,0,0,1,0,1,medium,action:4603:precondition_gate:s24_requires_radar_mode_opr;action:4603:out_of_order_before:S13;action:4739:precondition_gate:s24_requires_radar_mode_opr;action:4739:out_of_order_before:S13,yes,0,0,0,0,0,CodexTelemetryReview,Arresting hook down movement was observed during the four-down check; no error coded.,human_error_columns_blank;completed_from_passive_gate
P07,without_tutor,T01,S25,Arresting hook raised.,P5,yes,yes,yes,,0,,,,,passive_gate:S25:s25_requires_hook_up;telemetry_var:vars.hook_handle_value,0,0,1,0,1,medium,action:4603:precondition_gate:s25_requires_radar_mode_opr;action:4603:out_of_order_before:S13;action:4739:precondition_gate:s25_requires_radar_mode_opr;action:4739:out_of_order_before:S13,yes,0,0,0,0,0,CodexTelemetryReview,Arresting hook retraction/final hook_retracted evidence was observed; no error coded.,human_error_columns_blank;completed_from_passive_gate
P07,without_tutor,T01,S26,Pitot heat switch ON.,P5,yes,no,no,,0,,,,,,1,0,0,0,0,high,om:not_completed,yes,1,0,0,0,0,CodexTelemetryReview,Pitot heat remained OFF; coded omission.,human_error_columns_blank;no_step_evidence_found
P07,without_tutor,T01,S27,Flap switch set to AUTO.,P5,yes,no,no,,0,,,,,,1,0,0,0,0,high,om:not_completed,yes,1,0,0,0,0,CodexTelemetryReview,Final flap AUTO setting was not satisfied; final flap_auto=false/flap_full=true. Coded omission.,human_error_columns_blank;no_step_evidence_found
P07,without_tutor,T01,S28,Parking brake released and aircraft ready to roll.,P6,yes,no,no,,0,,,,,,1,0,0,0,0,high,om:not_completed,yes,1,0,0,0,0,CodexTelemetryReview,Parking brake release was not observed; final parking_brake_released=false. Coded omission.,human_error_columns_blank;no_step_evidence_found
P07,without_tutor,T01,S29,BINGO fuel value set to mission requirement.,P6,yes,no,no,,0,,,,,,1,0,0,0,0,high,om:not_completed,yes,1,0,0,0,0,CodexTelemetryReview,BINGO fuel setting was not completed; final bingo_fuel_set=false. Coded omission.,human_error_columns_blank;no_step_evidence_found
P07,without_tutor,T01,S30,Standby barometric altimeter matches local elevation/QNH.,P6,yes,yes,yes,,0,,,,,passive_gate:S30:s30_requires_standby_altimeter_set;telemetry_var:vars.standby_altimeter_set,0,0,0,0,0,,,no,0,0,0,0,0,CodexTelemetryReview,Standby barometric altimeter setting was satisfied; no error coded.,human_error_columns_blank;completed_from_passive_gate
P07,without_tutor,T01,S31,Radar altimeter bug set to scenario-appropriate value.,P6,yes,yes,yes,,0,,,,,passive_gate:S31:s31_requires_radalt_bug_airfield_200;telemetry_var:vars.radar_altimeter_bug_value;action:RADALT_MIN_HEIGHT_PTR,0,0,1,0,1,medium,action:5030:precondition_gate:s31_requires_radar_mode_opr;action:5030:out_of_order_before:S13;action:5031:precondition_gate:s31_requires_radar_mode_opr;action:5031:out_of_order_before:S13;action:5032:precondition_gate:s31_requires_radar_mode_opr;action:5032:out_of_order_before:S13;action:5033:precondition_gate:s31_requires_radar_mode_opr;action:5033:out_of_order_before:S13;action:5035:precondition_gate:s31_requires_radar_mode_opr;action:5035:out_of_order_before:S13;action:5044:precondition_gate:s31_requires_radar_mode_opr;action:5044:out_of_order_before:S13;action:5045:precondition_gate:s31_requires_radar_mode_opr;action:5045:out_of_order_before:S13;action:5046:precondition_gate:s31_requires_radar_mode_opr;action:5046:out_of_order_before:S13;action:5047:precondition_gate:s31_requires_radar_mode_opr;action:5047:out_of_order_before:S13;action:5048:precondition_gate:s31_requires_radar_mode_opr;action:5048:out_of_order_before:S13;action:5049:precondition_gate:s31_requires_radar_mode_opr;action:5049:out_of_order_before:S13;action:5050:precondition_gate:s31_requires_radar_mode_opr;action:5050:out_of_order_before:S13;action:5051:precondition_gate:s31_requires_radar_mode_opr;action:5051:out_of_order_before:S13;action:5052:precondition_gate:s31_requires_radar_mode_opr;action:5052:out_of_order_before:S13;action:5053:precondition_gate:s31_requires_radar_mode_opr;action:5053:out_of_order_before:S13;action:5054:precondition_gate:s31_requires_radar_mode_opr;action:5054:out_of_order_before:S13;action:5055:precondition_gate:s31_requires_radar_mode_opr;action:5055:out_of_order_before:S13;action:5056:precondition_gate:s31_requires_radar_mode_opr;action:5056:out_of_order_before:S13;action:5058:precondition_gate:s31_requires_radar_mode_opr;action:5058:out_of_order_before:S13;action:5059:precondition_gate:s31_requires_radar_mode_opr;action:5059:out_of_order_before:S13;action:5060:precondition_gate:s31_requires_radar_mode_opr;action:5060:out_of_order_before:S13;action:5061:precondition_gate:s31_requires_radar_mode_opr;action:5061:out_of_order_before:S13;action:5062:precondition_gate:s31_requires_radar_mode_opr;action:5062:out_of_order_before:S13;action:5063:precondition_gate:s31_requires_radar_mode_opr;action:5063:out_of_order_before:S13;action:5064:precondition_gate:s31_requires_radar_mode_opr;action:5064:out_of_order_before:S13;action:5065:precondition_gate:s31_requires_radar_mode_opr;action:5065:out_of_order_before:S13;action:5066:precondition_gate:s31_requires_radar_mode_opr;action:5066:out_of_order_before:S13;action:5067:precondition_gate:s31_requires_radar_mode_opr;action:5067:out_of_order_before:S13;action:5068:precondition_gate:s31_requires_radar_mode_opr;action:5068:out_of_order_before:S13;action:5069:precondition_gate:s31_requires_radar_mode_opr;action:5069:out_of_order_before:S13;action:5070:precondition_gate:s31_requires_radar_mode_opr;action:5070:out_of_order_before:S13;action:5071:precondition_gate:s31_requires_radar_mode_opr;action:5071:out_of_order_before:S13;action:5073:precondition_gate:s31_requires_radar_mode_opr;action:5073:out_of_order_before:S13;action:5074:precondition_gate:s31_requires_radar_mode_opr;action:5074:out_of_order_before:S13;action:5081:precondition_gate:s31_requires_radar_mode_opr;action:5081:out_of_order_before:S13;action:5083:precondition_gate:s31_requires_radar_mode_opr;action:5083:out_of_order_before:S13;action:5087:precondition_gate:s31_requires_radar_mode_opr;action:5087:out_of_order_before:S13;action:5097:precondition_gate:s31_requires_radar_mode_opr;action:5097:out_of_order_before:S13,yes,0,0,0,0,0,CodexTelemetryReview,Radar-altimeter bug was adjusted to the scenario value and radar_altimeter_bug_set=true. Radar OPR omission remains coded only on S13.,human_error_columns_blank;completed_from_passive_gate
P07,without_tutor,T01,S32,Standby attitude indicator uncaged and free-moving.,P6,yes,no,no,,0,,,,,,1,0,0,0,0,high,om:not_completed,yes,1,0,0,0,0,CodexTelemetryReview,Standby attitude indicator uncage/free-moving evidence was not observed; coded omission.,human_error_columns_blank;no_step_evidence_found
P07,without_tutor,T01,S33,Attitude source selector set to AUTO.,P6,yes,yes,yes,,0,,,,,passive_gate:S33:s33_requires_attitude_source_auto;telemetry_var:vars.attitude_source_auto,0,0,0,0,0,,,no,0,0,0,0,0,CodexTelemetryReview,Attitude source selector ended in AUTO; no error coded.,human_error_columns_blank;completed_from_passive_gate
